cell_id	tf1_mean	gm11906_mean	merrf_af	merrf_cov	mean_cov	assign
AAACGAACACATAAAG-1	0.993	0	0.007	284	306.7	TF1
AAACTCGGTGCTGAAG-1	0	1	0.706	17	18.2	GM11906
AAACTCGTCCTTTGAT-1	0.992	0.002	0	366	378.7	TF1
AAACTCGTCGAGGTCC-1	0.996	0	0	83	98	TF1
AAACTGCAGTTGAATG-1	0.994	0.001	0	293	294.8	TF1
AAAGATGGTAACGGCA-1	0.001	0.996	0.461	336	340	GM11906
AAAGATGGTACAACGG-1	0.99	0.003	0	78	74.7	TF1
AAAGATGGTAGGTAAT-1	0.994	0.002	0.002	556	583.9	TF1
AAAGATGGTCGATTAC-1	0.993	0.002	0	107	106.3	TF1
AAAGGATAGGGTATCG-1	0.995	0.003	0	30	48.9	TF1
AAAGGATTCAGTGTGT-1	0	0.998	0.625	80	67.8	GM11906
AAAGGGCGTGTGTGCC-1	0.995	0.001	0	114	111.1	TF1
AAAGGGCTCCATAGGT-1	0.001	0.996	0.428	173	174.5	GM11906
AAATGAGAGAGGCGGA-1	0.001	0.995	0.165	267	289.6	GM11906
AAATGCCTCTGGGCGT-1	0.99	0.002	0	125	142.6	TF1
AACAAAGAGACACAAT-1	0.994	0.001	0	305	315.2	TF1
AACAGTCAGAAACGCC-1	0.99	0.001	0	130	131.5	TF1
AACATCGAGATCGAGC-1	0.002	0.992	0	79	90.3	GM11906
AACATCGAGCAGAGCT-1	0.003	0.998	0	72	92.4	GM11906
AACATCGAGCATTGGG-1	0	0.995	0.88	50	71.1	GM11906
AACATCGAGCCATGGA-1	0.994	0.001	0	505	507.8	TF1
AACATCGCAAGAGCGT-1	0	1	0	7	9.9	GM11906
AACCAACTCGAAGCCC-1	0.994	0.002	0.006	320	313	TF1
AACCGATAGGTTAACA-1	0	1	0	4	9.7	GM11906
AACCGATCACCCATCT-1	0	0.996	0.417	12	18.1	GM11906
AACCGATCAGATACAA-1	0.001	0.996	0	179	197.7	GM11906
AACCGATCATTACACG-1	0.989	0.003	0	158	198.3	TF1
AACCGATGTACGGATG-1	0	0.999	0.48	25	34.1	GM11906
AACCGATTCCATGTTT-1	0.908	0.044	0.077	13	12.4	Collision
AACCGATTCTACCCGT-1	0	0.687	0	1	3.4	Low_coverage
AACCTGAAGACGTCAG-1	0.989	0.009	0	22	16.4	TF1
AACCTGACACCCATCT-1	0.001	0.994	0.596	114	125.2	GM11906
AACCTTTAGACGCCCT-1	0.002	0.996	0.815	287	297.8	GM11906
AACCTTTTCGGTTGTA-1	0.996	0.002	0	72	86.3	TF1
AACGAGGGTGTTAGAA-1	0.991	0.002	0	203	217.4	TF1
AACGAGGGTTTCGACA-1	0.994	0.002	0	128	143.5	TF1
AACGAGGTCGCAACTA-1	0.994	0.008	0	88	80.6	TF1
AACGGGAAGAGTCCGA-1	0.995	0.001	0	369	367.1	TF1
AACGGGAAGAGTTTGA-1	0.002	0.996	0.641	273	281.1	GM11906
AACGGGAAGGAGTACC-1	0.994	0.001	0	357	366	TF1
AACGGGACACATGATC-1	0.345	0	0	0	0.7	Low_coverage
AACGGGACAGTAACTC-1	0.96	0	0	6	6.9	TF1
AACGGGACATTACACG-1	0.001	0.993	0.4	140	149.6	GM11906
AACGTACTCAGTAGTC-1	0	0.375	0.333	3	0.4	Low_coverage
AACTGGTAGCCCATTA-1	0.001	0.996	0.832	208	230	GM11906
AACTGGTAGGATTGAT-1	0.993	0.002	0	535	551.9	TF1
AACTGGTAGGGAAATG-1	0.993	0.002	0.004	259	266.8	TF1
AACTGTGAGCTAGCAG-1	0.994	0.005	0.004	247	210.5	TF1
AACTGTGTCGTGGCGT-1	0.991	0.008	0	53	54.4	TF1
AACTTGGGTTTAAGCC-1	0	0.996	0.01	103	118.4	GM11906
AACTTGGTCGATGTAC-1	0.002	0.992	0.975	162	172	GM11906
AAGATAGCAAGACACG-1	0.008	0.969	0	24	27.1	GM11906
AAGATAGGTGATAGAT-1	0.995	0.002	0	154	175.3	TF1
AAGGTTCCAGATGGCA-1	0.001	0.995	0.815	162	167.4	GM11906
AAGGTTCTCGCCGAAC-1	0.005	0.997	0.4	10	22.2	GM11906
AAGGTTCTCGTGCTGG-1	0.996	0	0	96	92.1	TF1
AATACGCAGACCCTAT-1	0.001	0.996	0.403	154	177.9	GM11906
AATACGCAGAGGTGGG-1	0.013	1	0.4	15	17.4	GM11906
AATACGCAGGGCTTCC-1	0	1	0.611	18	17.8	GM11906
AATGCCACAGCAACCC-1	0.994	0.001	0	305	305.5	TF1
AATGCCAGTAGGTCTT-1	0.992	0.001	0	201	218.7	TF1
AATGCCAGTTCTACGA-1	0.994	0.001	0	237	260	TF1
AATGGAAAGCTGAATA-1	0.776	0.214	0.021	388	429.2	Collision
AATGGAAAGTATACGA-1	0.994	0.002	0.005	193	216.1	TF1
AATGGAAGTACGGAGT-1	0.995	0.001	0	392	367.8	TF1
AATGGAATCCAGAATC-1	0.992	0.001	0	124	133.9	TF1
AATGGAATCGCGGCAT-1	0.995	0.002	0.005	207	202.1	TF1
AATGGCTAGCTCCGGT-1	0.994	0.004	0	154	146.3	TF1
AATGTCGAGCTGGAGT-1	0.002	0.995	0	138	122.8	GM11906
AATGTCGAGTGTCGCC-1	0.003	0.984	0.711	38	31.5	GM11906
AATGTCGCAGCAACGA-1	0.002	0.997	0.78	177	223.5	GM11906
AATGTCGGTAGCGGTA-1	0.002	0.982	0.6	15	12	GM11906
AATGTCGGTAGCTGTT-1	0.002	0.996	0.626	190	231.5	GM11906
AATGTCGTCAGGGTTT-1	0.938	0	0	4	9.4	Collision
AATGTCGTCCCGTAGG-1	0.844	0	0	0	3.4	Low_coverage
AATGTCGTCGCTATAG-1	0.995	0	0	216	222.6	TF1
AATGTCGTCGGGAAAC-1	0.919	0	0	6	4.7	Low_coverage
ACAAACCCATTGCACA-1	0.994	0.002	0	224	216.5	TF1
ACAAACCGTACTTGAC-1	0.003	0.996	0.797	182	172.7	GM11906
ACAAACCTCTAAGGTC-1	0.586	0	0	1	2.3	Low_coverage
ACAAAGAAGAGCGAAA-1	0.995	0.001	0	505	487.3	TF1
ACAAAGATCCATAACG-1	0.995	0.002	0.002	525	524.4	TF1
ACAAAGATCCTTCGAC-1	0.991	0.002	0.005	371	309.8	TF1
ACAATCGAGTTCAACC-1	0.001	0.996	0.856	257	271	GM11906
ACAATCGCAGGGCTTC-1	0	0.996	0.662	139	163.1	GM11906
ACAATCGGTATTCACG-1	0.001	0.995	0	171	209.6	GM11906
ACAATCGGTGCGTAGA-1	0.003	0.997	0	10	13.2	GM11906
ACAGACTCAGGTCTGC-1	0.993	0.002	0	224	187.8	TF1
ACAGACTTCCAGAATC-1	0.993	0.001	0	141	142.4	TF1
ACAGCGCCATCGCCTT-1	0.002	0.995	0.215	107	119.9	GM11906
ACATGCACATGGAGGT-1	0.994	0.001	0	388	365.4	TF1
ACATGGTCAACGTCGC-1	0	0.998	0.671	79	84.9	GM11906
ACATGGTGTTTGATCG-1	0	1	0	3	4.2	GM11906
ACCAAACAGCTCCGGT-1	0.002	0.996	0.718	142	183.8	GM11906
ACCATCCGTGTCTACA-1	0.003	0.994	0.429	424	383.7	GM11906
ACCCAAAGTAAAGGCC-1	0.001	0.993	0.689	164	147.7	GM11906
ACCCAAAGTAACGGCA-1	0.001	0.995	0.54	250	257	GM11906
ACCCAAATCTGAAAGA-1	0.993	0.002	0	321	348.5	TF1
ACCCAAATCTGTTGCC-1	0	0.995	0.746	142	151.1	GM11906
ACCGAATCAGCGTCGT-1	0.996	0.001	0	261	299.5	TF1
ACCGAATCATGTATCG-1	0.994	0.003	0.021	94	108.1	TF1
ACCGAATGTACGCAAG-1	0	0.994	0.714	14	9	GM11906
ACCGAATGTCAACAGG-1	0	0.997	0.75	12	12.3	GM11906
ACCGAATGTTGCCTGG-1	0.004	0.994	0.766	47	49.6	GM11906
ACCGCAGCAAGAGCGT-1	0.414	0	0	0	0.8	Low_coverage
ACCGGGTAGTAGTTCC-1	0.001	0.997	0.634	93	83	GM11906
ACCGGGTTCACAAGCT-1	0.995	0.003	0	279	301.4	TF1
ACCTGCTAGCTTACCA-1	0.999	0.002	0	42	51.6	TF1
ACCTGCTTCTCGACAA-1	0.994	0.002	0	182	187.7	TF1
ACGGATTAGAAACGCC-1	0.002	0.995	0	79	102.4	GM11906
ACGGATTTCCATCATT-1	0	0.875	0	4	5.6	Collision
ACGGATTTCTATTTCG-1	0.993	0.002	0	242	249.4	TF1
ACGTGGCGTCCATTGA-1	0.994	0.002	0	225	223.2	TF1
ACGTGGCGTGTTAGAA-1	0.995	0.002	0	176	188.2	TF1
ACGTTAGAGAACGTTA-1	0.002	0.996	0.75	68	91.7	GM11906
ACGTTAGAGCCATGGA-1	0.992	0.001	0	379	385.1	TF1
ACGTTAGCACCTGGTG-1	0	0.993	0.019	108	123.1	GM11906
ACGTTAGCACTGGGCT-1	0	0.812	0	0	3.4	Low_coverage
ACGTTAGCAGAAAGAG-1	0.994	0.002	0.007	429	419.9	TF1
ACGTTAGCATGGCCCA-1	0	0.937	0	13	8.7	Collision
ACGTTAGGTCAGCTTA-1	0.994	0.002	0	379	392.4	TF1
ACGTTAGTCTCCTTAA-1	0.002	0.996	0.506	344	344.7	GM11906
ACTAACGAGTTAGCGG-1	0.011	0.937	1	2	3.2	Low_coverage
ACTAACGCACCAAGGA-1	0	0.993	0	58	46.3	GM11906
ACTAACGCACGTTAGT-1	0	0.995	1	19	12.8	GM11906
ACTAACGTCGATAGCT-1	0.996	0.002	0	256	240.3	TF1
ACTACGAAGGGTTCCC-1	0	0.996	0.804	214	215.9	GM11906
ACTACGACACGCTAAT-1	0.995	0.002	0	331	329.7	TF1
ACTACGATCGATATGC-1	0.001	0.998	0.56	109	116.3	GM11906
ACTAGGTAGGGTAATT-1	0.96	0	0	17	12.2	TF1
ACTAGGTGTAGTATCC-1	0.995	0.004	0	27	31.1	TF1
ACTATTCAGTATAGTG-1	0.001	0.999	0	44	48.3	GM11906
ACTATTCGTGATAGAT-1	0.987	0.007	0	84	106.6	TF1
ACTCGGGAGGATTTGA-1	0.994	0.003	0	235	227.7	TF1
ACTCGGGGTCTGTCCT-1	0.004	0.984	0.538	13	20.4	GM11906
ACTCGGGTCCATCATT-1	0	0.937	0	5	4	Low_coverage
ACTGCAACATGGTAAA-1	0.995	0.001	0.006	476	489.9	TF1
ACTGCGGCAGAGAGAA-1	0.995	0.01	0	40	39.7	TF1
ACTTCCGAGGTGAACC-1	0.002	0.997	0.349	43	47.2	GM11906
ACTTCCGGTGAATACA-1	0.995	0	0	147	166.3	TF1
ACTTCCGGTGTAGGAC-1	0.993	0	0	25	28.7	TF1
ACTTTCAAGGAACCGT-1	0.971	0.025	0	47	42.3	TF1
AGACAAAAGGTGATGC-1	0.991	0.002	0	219	270.3	TF1
AGACAAACAAGCCAGA-1	0.995	0.003	0.006	318	355.9	TF1
AGACAAATCGGATGTT-1	0.996	0.002	0	395	386.1	TF1
AGATAGAAGAGAGGTA-1	0.997	0	0	20	19.4	TF1
AGATAGACAGGTGGTA-1	0	1	0.833	30	28.1	GM11906
AGATAGACAGTATACC-1	0.001	0.997	0.414	169	176.4	GM11906
AGATAGACATGCCCTT-1	0.994	0.002	0.003	360	371.6	TF1
AGATAGATCGGGAATG-1	0.996	0.001	0	68	91.8	TF1
AGATTCGAGAATATCG-1	0.995	0.002	0.004	282	292.6	TF1
AGATTCGAGTGAGTGC-1	0.002	0.995	0.643	42	60.7	GM11906
AGATTCGGTGGAAGCT-1	0.986	0	0	19	25.2	TF1
AGCCAGCAGTACAGAT-1	0.002	0.995	0.673	263	267.2	GM11906
AGCCCGAAGGGTTCTT-1	0.995	0.002	0	204	198.8	TF1
AGCCCGACACAGCTTA-1	0.001	0.993	0.617	94	90	GM11906
AGCCCGATCGCGCTGA-1	0	0.996	0.736	72	81.1	GM11906
AGCCTCTCACAGTAGG-1	0.992	0.002	0.005	208	184.5	TF1
AGCCTCTCACGTACAT-1	0.992	0.001	0	437	426.3	TF1
AGCCTCTCAGAGAGAA-1	0.994	0.001	0	206	226.1	TF1
AGCCTCTGTTGGGAAC-1	0.993	0.001	0.008	132	139.1	TF1
AGCCTCTTCCTTCGAC-1	0.005	0.991	0.011	185	194.6	GM11906
AGCCTGGAGTGCTGAG-1	0.991	0.002	0	97	96.9	TF1
AGCCTGGCAAGCGAAC-1	0.001	0.992	0.452	84	103	GM11906
AGCCTGGCACCTTGTC-1	0.926	0.022	0	7	6.5	Collision
AGCCTGGTCCAATCCC-1	0.812	0	0	4	4.1	Low_coverage
AGCCTGGTCGAACACT-1	0.996	0.001	0	113	119.8	TF1
AGCCTTCGTTCACGTA-1	0.002	0.996	0.585	479	482.6	GM11906
AGCCTTCTCCCGCAAG-1	0.993	0.003	0	345	378.2	TF1
AGCCTTCTCGTGGTAT-1	0.001	0.997	0.264	125	123.6	GM11906
AGCGATTAGCCTATAC-1	0.001	0.996	0	265	252.9	GM11906
AGCGTATCACCTCGTT-1	0.993	0.001	0.003	393	396.5	TF1
AGCGTATTCACGGGTC-1	0	0.831	0.5	2	2.2	Low_coverage
AGCGTGCAGGTAAGCC-1	0.001	0.995	0.717	53	62.9	GM11906
AGCTATGAGTTCAACC-1	0.002	0.996	0.003	370	304.2	GM11906
AGCTATGGTACTTGAC-1	0.137	0.865	0.04	25	26.7	Collision
AGCTATGGTAGACGCA-1	0.001	0.998	0	46	41.6	GM11906
AGCTATGGTTCAGAAA-1	0	0.687	0	6	2.2	Low_coverage
AGCTGATAGCTTACCA-1	0.827	0	0	2	4.1	Low_coverage
AGCTGATGTGTCCAGC-1	0.994	0	0	110	133.5	TF1
AGCTGATGTTTGTGAC-1	0.993	0	0	222	222.6	TF1
AGCTGGCCACCTGGTG-1	0	0.994	0.909	11	14.2	GM11906
AGCTGTAGTATTCTTC-1	0.001	0.996	0.676	244	234.8	GM11906
AGCTGTAGTGCTTCCT-1	0	0.991	0.667	6	8.3	GM11906
AGCTGTAGTTATCGAC-1	0	0.85	0.6	5	3.8	Low_coverage
AGGACGAAGAACAGGA-1	0.994	0.003	0	229	242.6	TF1
AGGACGACAATGGCTT-1	0.001	0.999	0.679	28	36.3	GM11906
AGGACGACACGATTAC-1	0.993	0.002	0	166	177.8	TF1
AGGCCCACAGTAGGCA-1	0.002	0.992	0.689	283	278.6	GM11906
AGGCCCATCCTATCAT-1	0.479	0.51	0	244	265.8	Collision
AGGCCTGCAATCCATG-1	0.994	0.003	0	386	381.1	TF1
AGGCCTGCACGATTAC-1	0.928	0	0	1	6.5	Collision
AGGCCTGCATGATCGT-1	0.982	0	0	6	6.4	TF1
AGGCCTGTCCCAATGA-1	0.962	0	0	8	5.4	TF1
AGGCCTGTCGCAACTA-1	0.001	0.998	0	80	75.7	GM11906
AGGCCTGTCGGCAATT-1	0.003	0.995	0.161	31	30.6	GM11906
AGGCGAAAGAGAGGTA-1	0.996	0.002	0	38	49.2	TF1
AGGCGAACAGTTCGGC-1	0.993	0.001	0	109	115.1	TF1
AGGCGAATCCGCTATC-1	0	0.849	0	4	5.4	Collision
AGGCGAATCCGTGCAG-1	0.993	0.003	0	229	248.5	TF1
AGGCGAATCTAGTCGA-1	0.003	0.997	0.015	206	256.2	GM11906
AGGCGTCAGAATGCTA-1	0.994	0.003	0	437	441.3	TF1
AGTCAACCACAGTAGG-1	0	1	0.571	14	14.8	GM11906
AGTCAACCATGACTGT-1	0	0.687	0.75	4	1.5	Low_coverage
AGTCAACCATTAGCAC-1	0.002	0.994	0.682	132	120.6	GM11906
AGTCAACTCACGATTG-1	0.994	0.002	0.003	352	370.7	TF1
AGTCAACTCCGAATTG-1	0.994	0.002	0	209	238.9	TF1
AGTCAACTCCTATCAT-1	0.995	0	0	372	411.8	TF1
AGTCCGGAGGTTAACA-1	0	0.75	0	1	2.5	Low_coverage
AGTCCGGAGTGAATAC-1	0.002	0.997	0	237	252.6	GM11906
AGTCCGGGTGTCCAGC-1	0.99	0.003	0	72	80.8	TF1
AGTCCGGTCTTCATAC-1	0.002	0.994	0.91	178	171.3	GM11906
AGTGCCGAGCCATGGA-1	0.993	0.003	0	231	255.8	TF1
AGTGCGCAGCTCGTTA-1	0.002	0.997	0	164	196.6	GM11906
AGTGCGCTCATCGCAA-1	0.001	0.996	0.556	279	315.5	GM11906
AGTGTACAGCGTATCT-1	0.995	0.003	0	266	286.8	TF1
AGTGTACCACATCATG-1	0.989	0.009	0.004	276	276.2	TF1
AGTGTACGTACCAAGG-1	0.001	0.996	0.68	150	140.3	GM11906
AGTGTACTCCACGCTT-1	0.002	0.997	0	234	218.1	GM11906
AGTTACGGTAAACGAT-1	0.003	0.978	0	28	27.7	GM11906
AGTTACGGTAGCAGCA-1	0.993	0.002	0	269	269.1	TF1
AGTTACGTCAGGAAGC-1	0.992	0.002	0	276	291.2	TF1
AGTTTGGCATAGATAG-1	0.995	0.002	0.005	186	192.1	TF1
AGTTTGGGTTTGTCTT-1	0.007	0.991	0	28	31.8	GM11906
AGTTTGGTCACTAGGT-1	0	0.996	0.636	11	15.6	GM11906
AGTTTGGTCAGCCGAC-1	0.896	0	0	7	4.6	Low_coverage
ATAGGCTGTATCTAGC-1	0.001	0.994	0.493	215	223	GM11906
ATAGTCGAGGGTATCG-1	0.717	0	0	0	2.1	Low_coverage
ATAGTCGTCGCAGATT-1	0.002	0.995	0.637	80	86.7	GM11906
ATATTCCAGACGTCAG-1	0.655	0	0	1	2.2	Low_coverage
ATATTCCGTAGCCATT-1	0.001	0.995	0.361	252	257.4	GM11906
ATATTCCGTATCACAC-1	0	0.995	0.667	6	12.5	GM11906
ATATTCCGTCTGAGCC-1	0	0.981	0.25	20	18.2	GM11906
ATCCAGACACGCCGAT-1	0.997	0.005	0	12	18.6	TF1
ATCCCTGCATGGGACA-1	0.003	0.997	0.762	151	143.3	GM11906
ATCCTCGCAACGCACC-1	0.001	0.993	0.05	160	164.5	GM11906
ATCCTCGTCCGCTCTA-1	0.003	0.993	0.885	192	205.2	GM11906
ATCCTGCAGGCCAGTA-1	0.991	0	0.043	46	60.1	TF1
ATCCTGCTCGGACGAA-1	0.002	0.996	0.608	204	213.4	GM11906
ATCCTGCTCTAAGGTC-1	0	0.312	0	0	0.8	Low_coverage
ATCCTGCTCTGGACAT-1	0.994	0.002	0	188	174.6	TF1
ATCGAGTTCACGATTG-1	0.993	0.002	0	270	256.7	TF1
ATCGAGTTCCTTACGC-1	0.001	0.992	0.539	178	182.5	GM11906
ATCGAGTTCGTGGGTC-1	0	1	0	9	7.7	GM11906
ATGCATGAGAGTGGAA-1	0.002	0.997	0.6	200	239	GM11906
ATGCATGCACACTAGT-1	0.992	0.002	0	287	281.5	TF1
ATGCATGGTAACCATC-1	0.002	0.997	0.42	143	158.8	GM11906
ATGGATCCACGATTAC-1	0.992	0.002	0	173	207.8	TF1
ATGGATCCATGATCGT-1	0.995	0	0	100	89.2	TF1
ATGTACGAGTCGCCTG-1	0.001	0.992	0	29	39.3	GM11906
ATGTACGCAAGCACTT-1	0.993	0.001	0	205	222.1	TF1
ATGTACGCAATGAAAC-1	0	0.997	0.734	278	277.1	GM11906
ATGTCGAAGAGACTCG-1	0	0.996	0	92	105.8	GM11906
ATGTCGAAGCGTCAAG-1	0.954	0	0	9	8.1	TF1
ATGTCGAAGGGTATCG-1	0.914	0	0	5	4.2	Low_coverage
ATGTCGACATGCGACC-1	0.002	0.997	0.74	50	60.9	GM11906
ATGTCTTAGACGTCAG-1	0.896	0	0	12	6.3	Collision
ATGTCTTAGCTTACCA-1	1	0	0	7	6.4	TF1
ATGTCTTAGTCTAGAA-1	0.99	0.001	0	219	258.1	TF1
ATGTCTTAGTGTCCCG-1	0	0.998	0.575	80	88.9	GM11906
ATGTCTTCACAAGGGT-1	0.002	0.995	0.384	232	206.9	GM11906
ATGTTTCGTTAACCGT-1	0.993	0.001	0	207	236.9	TF1
ATGTTTCGTTAAGGGC-1	0.978	0	0	15	13.1	TF1
ATGTTTCGTTTGACCA-1	0.991	0.001	0.012	166	188.8	TF1
ATTACCTAGAAACGCC-1	0.011	0.984	0.491	114	113.6	GM11906
ATTACTCTCGACTTAG-1	0.003	0.995	0.644	118	141.3	GM11906
ATTCGTTAGTTTACGC-1	0.005	0.995	0.512	125	104.8	GM11906
ATTCGTTCAATGGCAG-1	0.001	0.997	0.564	133	143.2	GM11906
ATTGTGGTCCAGGTAT-1	0.002	0.996	0.826	69	72.7	GM11906
CAAAGCTAGAGAGTTT-1	0.993	0.002	0	184	197.3	TF1
CAAAGCTCAAACCCTA-1	0.847	0.084	0	10	8.3	Collision
CAAAGCTGTGAGAGTC-1	0.839	0	0	7	3.5	Low_coverage
CAAAGCTTCAAGAGGC-1	0.993	0.001	0	316	307.7	TF1
CAAAGCTTCGATAGCT-1	0.001	0.994	0.429	163	178.8	GM11906
CAACCAAAGGATTAAC-1	0.995	0.002	0	281	258.6	TF1
CAACCAATCATCGCAA-1	0.001	0.99	0.6	35	33.8	GM11906
CAACCAATCGAAGCCC-1	0.996	0	0	5	8.8	TF1
CAACGGCCACAGCTTA-1	0.002	0.996	0	319	284.2	GM11906
CAACGGCCATGGAGGT-1	0.678	0	0.999	1	3.3	Low_coverage
CAACGTACATCACAGT-1	0.001	0.997	0.525	139	156.4	GM11906
CAAGGCCAGACGTCAG-1	0.724	0	0	1	2.9	Low_coverage
CAAGGCCAGCTTACCA-1	0.922	0	0	0	4	Low_coverage
CAAGGCCAGGCATGCA-1	0.993	0	0	6	10.5	TF1
CAATCCCAGCTGATTC-1	0.002	0.995	0.74	192	209.5	GM11906
CAATCCCGTCCAGACC-1	0.001	0.997	0	216	218.1	GM11906
CACAGATAGCGTCAAG-1	0.997	0.006	0	12	14.9	TF1
CACAGATAGTAACACA-1	0.996	0.004	0	124	163.4	TF1
CACATGAGTGCATTCA-1	0.002	0.997	0.92	251	259.8	GM11906
CACCACTGTAGTTTGC-1	0.001	0.996	0	198	226.5	GM11906
CACCACTGTTCCCGGA-1	0.002	0.995	0	351	385.5	GM11906
CACCTGTAGAACCATA-1	0.994	0.001	0	115	123.3	TF1
CACCTGTTCCGCTATC-1	0	0.732	0	1	8.4	Collision
CACCTGTTCGAGAACG-1	0.002	0.995	0	215	222.7	GM11906
CACCTGTTCTGGCGCA-1	0	0.875	0	3	3.4	Low_coverage
CACCTTGAGAAATTCG-1	0.993	0.001	0.002	884	927.6	TF1
CACGTTCAGGAAGACA-1	0.994	0.002	0	303	286.3	TF1
CACGTTCGTCGTCGCA-1	0.002	0.996	0	79	96.7	GM11906
CACGTTCTCGTGAACT-1	0.99	0.002	0.005	183	187.5	TF1
CACTAAGAGACAACGC-1	0.993	0	0	224	228.2	TF1
CACTAAGCAAATTGAG-1	0.994	0.001	0	248	282.7	TF1
CACTAAGCACACACAT-1	0.003	0.995	0	238	265.2	GM11906
CACTGAATCGCAAGCC-1	0.992	0.001	0	275	290.3	TF1
CACTGAATCTTAACGG-1	0.994	0.003	0	198	170.6	TF1
CAGCCTTAGGTTAACA-1	0.034	0.625	0	6	2.4	Low_coverage
CAGCCTTCACATTGCA-1	0.862	0.115	0.083	520	516.8	Collision
CAGCCTTGTATCACAC-1	0.996	0.029	0	12	11.1	TF1
CAGCCTTGTCGCGCTA-1	0.856	0	0	2	4.8	Low_coverage
CAGCCTTGTCTGAGCC-1	0.994	0	0.014	70	68.4	TF1
CAGCCTTGTGGTAGAC-1	0.993	0.004	0	123	133.1	TF1
CAGCCTTTCATTCGGA-1	0.001	0.997	0.003	308	266.2	GM11906
CAGCCTTTCCGAGAGA-1	0.827	0	0	0	2.9	Low_coverage
CAGCTAAAGTCCGTGC-1	0.533	0.449	0.163	239	261.1	Collision
CAGCTAACAGAACAGC-1	0.993	0.001	0	145	148.1	TF1
CAGCTAAGTCAACTAC-1	0.993	0.002	0	212	225.4	TF1
CAGCTGGCACAAACGG-1	0.994	0.002	0	50	56.8	TF1
CAGCTGGGTGGTGGTA-1	0.992	0.002	0	81	83.8	TF1
CAGGATTTCGCTTGAA-1	0.003	0.994	0.786	154	175.1	GM11906
CAGTATGAGACCAATA-1	0.992	0.001	0	401	391.9	TF1
CAGTATGAGGCTCAGA-1	0	0.937	0	16	11	Collision
CAGTATGGTTTGTCTT-1	0	0.187	0	0	0.4	Low_coverage
CAGTATGTCTTACTCA-1	0.002	0.99	0.819	105	104.8	GM11906
CAGTGCGCAAAGGCCA-1	0.001	0.994	0.397	272	247.3	GM11906
CAGTGCGGTGGACTGA-1	0.001	0.995	0.584	113	111	GM11906
CAGTGTACAGCGTACC-1	0.482	0	0	0	1.4	Low_coverage
CAGTGTACATATACGC-1	0.002	0.996	0.636	140	153.1	GM11906
CAGTGTACATGGAGGT-1	0.62	0.257	0	4	8.5	Collision
CAGTGTAGTGAATACA-1	0.994	0.003	0	201	236.1	TF1
CAGTGTATCTTATCAC-1	0.002	0.994	0	103	127	GM11906
CATAACGAGGGTATCG-1	0.998	0	0	10	13.6	TF1
CATAACGGTCAAACAA-1	0.001	0.994	0	191	195.1	GM11906
CATAACGTCGCTACCT-1	0.027	0.941	0	10	11.5	Collision
CATAACGTCTGCTACC-1	0.002	0.996	0.31	168	181.8	GM11906
CATGCCTCAGTGCGAA-1	0.003	0.996	0	150	148.3	GM11906
CATGCCTGTACGACCC-1	0.001	0.996	0.935	31	27.9	GM11906
CATGCCTGTACGTATC-1	0.003	0.998	1	78	74	GM11906
CATGCCTGTAGCGTTT-1	0.987	0	0	7	12.2	TF1
CATGCCTGTCGATAGG-1	0	0.996	1	7	9.6	GM11906
CATGCCTGTGTACGCC-1	0.986	0.002	0	101	101.4	TF1
CATGCCTGTTTGTCTT-1	0	1	0.999	1	5.9	GM11906
CATGCCTTCGTTCTAT-1	0.001	0.995	0	149	155.9	GM11906
CATGTTTAGGTAGGCT-1	0.002	0.996	0.671	368	318.4	GM11906
CATTCATAGACTAGGC-1	0.992	0.001	0	310	328.6	TF1
CATTCATCATCACAAC-1	0.994	0.003	0	342	337.8	TF1
CATTCATGTAAACGAT-1	0.992	0.001	0	203	238.7	TF1
CATTCCGCACAGGTAG-1	0.993	0.003	0.008	131	133.2	TF1
CATTCCGCACGTTAGT-1	0.002	0.996	0.784	231	226.7	GM11906
CATTCCGGTTGGGAAC-1	0.001	0.996	0.387	403	418.7	GM11906
CATTCCGTCGCTCTAC-1	0.994	0.001	0	268	268.3	TF1
CATTGGAAGAGAGGTA-1	0.996	0	0	82	80.3	TF1
CCAATGATCGTTGTAG-1	0.995	0.001	0	237	247.7	TF1
CCACAGGAGAAGACTT-1	0.015	0.979	0.563	215	212.8	GM11906
CCACAGGGTCTGTCCT-1	0.001	0.994	0.795	132	150.2	GM11906
CCAGAATAGTTCAACC-1	0.992	0.003	0	431	434.5	TF1
CCAGAATCACCATTCC-1	0.996	0	0	206	215.6	TF1
CCAGAATCAGAGATGC-1	0.996	0	0	241	248.4	TF1
CCAGAATCATGGATGG-1	0.003	0.997	0.682	88	94.6	GM11906
CCAGATAAGTGAACCG-1	0.002	0.997	0.859	382	395.7	GM11906
CCAGATATCCATCTAT-1	0.996	0	0	437	388.9	TF1
CCATACCAGGAATGGA-1	0.992	0.002	0	241	285	TF1
CCATACCTCAGGGTTT-1	0.994	0.001	0	249	290.5	TF1
CCCACATAGTTGGAAT-1	0.002	0.994	0.737	205	196.1	GM11906
CCCACATCACGCGCAT-1	0.002	0.995	0.782	275	321.9	GM11906
CCCAGAGAGTTGTCCA-1	0.002	0.996	0.171	140	152.3	GM11906
CCCGTTAAGCATGTGG-1	0.986	0.008	0	134	152.9	TF1
CCCGTTAAGCCTCGCA-1	0.002	0.995	0.005	395	423.2	GM11906
CCCGTTAGTCCCGAGT-1	0.005	0.993	0	231	207.1	GM11906
CCCGTTAGTGTTTCTT-1	0	0.996	0.011	188	187.8	GM11906
CCCGTTAGTTCTACCC-1	0	1	0	5	9.5	GM11906
CCCGTTAGTTGCAGCC-1	0	0.625	0	0	3.6	Low_coverage
CCCGTTAGTTTGTCTT-1	0	0.625	0	6	1.6	Low_coverage
CCCGTTATCATGCTTT-1	0.994	0.002	0	334	351.9	TF1
CCCTAACAGACGCCCT-1	0.024	0.812	0	0	2.1	Low_coverage
CCCTAACAGCTATCCA-1	0.006	0.99	0	298	294	GM11906
CCCTAACCATCAGCTA-1	0.002	0.993	0.944	142	156.8	GM11906
CCCTAACTCGCAACTA-1	0.689	0	0	0	2	Low_coverage
CCCTAGTGTCACCCGA-1	0.992	0.001	0	59	70	TF1
CCCTAGTGTCTCGGGT-1	0.002	0.991	0	117	127	GM11906
CCCTAGTTCTCGTAGA-1	0	0.997	0.765	51	68.9	GM11906
CCCTCTCAGTTGGAAT-1	0.992	0.001	0	115	112.5	TF1
CCCTGATCACCCATCT-1	0.002	0.997	0	188	180.8	GM11906
CCCTGATCAGGGAGTT-1	0.998	0	0	198	218.3	TF1
CCCTGATGTTGCAGAG-1	0	0.998	0.005	185	164.2	GM11906
CCGAAGCAGAAGAGTG-1	0.993	0.001	0	318	304.9	TF1
CCGAAGCAGACAACGC-1	0.001	0.993	0.444	160	144.9	GM11906
CCGAAGCGTCCCTTTG-1	0.002	0.995	0.008	266	249	GM11906
CCGCATTAGAACTCCT-1	0.715	0	0	1	2.8	Low_coverage
CCGCATTAGAGTAAGG-1	0.001	0.995	0.672	58	64.3	GM11906
CCGCATTCAGAGATGC-1	0.99	0.002	0	108	115.4	TF1
CCGCATTTCAGAGTGG-1	0.994	0.001	0	158	173.7	TF1
CCGTACTAGAAAGCAG-1	0.001	0.996	0.698	215	217.9	GM11906
CCGTACTGTTTGGATC-1	0.995	0	0	27	26.8	TF1
CCGTACTTCTGCCGAG-1	0	0.562	0.333	3	2.2	Low_coverage
CCGTAGGCACGATTAC-1	0.998	0	0	11	12.3	TF1
CCGTAGGCATGATCGT-1	0.931	0	0	9	4.5	Low_coverage
CCGTAGGGTAGGGTCA-1	0.005	0.994	0	72	96.4	GM11906
CCGTAGGGTATTCTTC-1	0.003	0.997	0	44	51.2	GM11906
CCGTAGGTCAGTCAAC-1	0.014	0.975	0.551	89	76.6	GM11906
CCGTAGGTCATCGCCT-1	0.026	0.994	0.429	7	12.3	GM11906
CCGTAGGTCTGTTTAC-1	0.001	0.995	0	21	36.5	GM11906
CCGTGAGAGACCAATA-1	0.995	0.001	0.004	276	307.3	TF1
CCGTGAGCACGATTAC-1	0.98	0.008	0	14	16.5	TF1
CCGTGAGCACTAGCCG-1	0.994	0.001	0	170	170.3	TF1
CCGTGAGCATCAACTG-1	0.965	0	0	8	4.6	TF1
CCGTGAGTCATCGCAA-1	0.001	0.989	0.562	48	69.5	GM11906
CCGTGAGTCGAAGCCC-1	0.994	0.001	0	244	281.3	TF1
CCTAAAGCAGTAGGCA-1	0.984	0.004	0	34	39.6	TF1
CCTCCCTAGTTGTCCA-1	0.995	0.001	0.009	232	271.1	TF1
CCTCCCTTCCCGTAGG-1	0.006	0.994	0	19	18.4	GM11906
CCTCCCTTCGTCTAGA-1	0.003	0.994	0	191	234.7	GM11906
CCTGCTAGTGTTTCTT-1	0.994	0.001	0.004	267	247.8	TF1
CCTGCTAGTTCTACCC-1	0.989	0	0	12	8.6	TF1
CCTGCTAGTTGCAGCC-1	0.919	0	0	0	4.5	Low_coverage
CCTGGGAGTTCCCTTG-1	0.001	0.996	0.541	268	281	GM11906
CCTTAATCAAAGAGAG-1	0.993	0.001	0	360	370.2	TF1
CCTTAATGTTACTACG-1	0.993	0.002	0	270	287.7	TF1
CCTTAATTCTCTGTTA-1	0.001	0.995	0	238	263.8	GM11906
CCTTGCAAGCCTTTGA-1	0.995	0.002	0	287	300.4	TF1
CCTTGCACACACATTG-1	0.993	0.004	0.008	396	361.1	TF1
CCTTGCAGTGCTGGCT-1	0.993	0	0	139	157	TF1
CGAGTTACAGGCATTT-1	0.994	0.005	0	252	315.6	TF1
CGAGTTAGTAGTGATA-1	0.002	0.998	0.683	186	196.1	GM11906
CGAGTTAGTCTGGTTA-1	0.995	0.002	0.004	265	280.9	TF1
CGAGTTAGTGGCATAG-1	0	1	0.555	9	6.8	GM11906
CGATGATCACACTAGT-1	0.003	0.995	0.502	293	232.9	GM11906
CGATGATGTGAGCTAG-1	0.002	0.996	0.4	220	222.4	GM11906
CGATGATGTGCGTTTA-1	0.995	0	0.05	20	20	TF1
CGATGATTCCTCCAGT-1	0.994	0.004	0	220	221.4	TF1
CGCAATAAGAACTCCT-1	0.993	0.003	0	383	382.5	TF1
CGCACAGTCCTCATTA-1	0.001	0.997	0.007	273	298.1	GM11906
CGCAGGTCATTCTCGC-1	0.992	0.005	0	120	116.2	TF1
CGCGCAAAGGTAAGCC-1	0.001	0.995	0	205	204.6	GM11906
CGCGCAAAGTGCAACG-1	0	0.75	0	2	3.2	Low_coverage
CGCGCAACAGGGTACA-1	0.001	0.995	0.719	313	296.7	GM11906
CGCGCAAGTATTTGCG-1	0.991	0.003	0	257	241.6	TF1
CGCTAGGAGGTAAGTT-1	0.002	0.995	0	135	135	GM11906
CGCTAGGCAGTAGTTC-1	0.002	0.997	0.812	16	21.1	GM11906
CGCTATCGTGTCCTTC-1	0.959	0	0	2	6	TF1
CGGACCAAGCTTACCA-1	1	0	0	4	9.6	TF1
CGGACCAAGTCCGATT-1	0.002	0.994	0	148	157.2	GM11906
CGGACCACAAATAGTG-1	0	0.812	1	6	4	Low_coverage
CGGACCACACCTGGTG-1	0.995	0.005	0	39	40.8	TF1
CGGACCACATGGCCCA-1	1	0	0	5	6.1	TF1
CGGACCAGTGCTGAAG-1	0.994	0.001	0	206	242.8	TF1
CGGACTGGTAGAACGC-1	0.995	0.001	0	168	173.4	TF1
CGGACTGTCACCGCGA-1	0.001	0.996	0.76	150	183.9	GM11906
CGGACTGTCTCTGCGT-1	0	0.995	0.761	92	94.3	GM11906
CGGTGCAAGGCATGCA-1	0.993	0.001	0	34	35.8	TF1
CGGTGCATCTATCTAC-1	0.995	0	0	24	28.2	TF1
CGGTGCATCTGAAAGA-1	0.003	0.998	0.753	85	86.7	GM11906
CGTAAACAGGTTAACA-1	0	0.996	0	12	8.2	GM11906
CGTACAAAGACGCCCT-1	0.962	0.009	0	9	12.4	TF1
CGTACAAAGATCGATA-1	0.001	0.997	0.622	251	275.7	GM11906
CGTACAACACCGTCTT-1	0.994	0.002	0.004	270	290.5	TF1
CGTACAAGTATTGTGC-1	0.002	0.991	0.007	150	137.5	GM11906
CGTACAAGTGTCCAGC-1	0.996	0	0	36	25.9	TF1
CGTACAAGTTCTTATC-1	0.993	0	0	94	98.6	TF1
CGTACAAGTTTAGGAA-1	0.671	0.352	0	2	5.6	Collision
CGTGGCAAGACCATAA-1	0.991	0.002	0	334	339.7	TF1
CGTTCCAAGACGTCAG-1	0.885	0	0	7	9	Collision
CGTTCCAAGTCTAGAA-1	0.853	0.018	0	2	4.5	Low_coverage
CGTTCCATCATTCGGA-1	0	0.937	0	10	6	Collision
CTAACTTCAACTGCGC-1	0.992	0.002	0	296	295.4	TF1
CTAACTTCAGAATGCG-1	0.001	0.998	0.435	347	338.7	GM11906
CTACTTATCCATTGTT-1	0.994	0.002	0	280	296.1	TF1
CTAGCGGAGGCCTCGT-1	0.992	0.005	0	144	166.5	TF1
CTAGCGGCATTGTTCT-1	0	0.736	0	5	3.4	Low_coverage
CTAGGATAGAAACGCC-1	0.994	0.002	0	208	204.2	TF1
CTAGGATCACACACCG-1	0.002	0.996	0.53	83	82.2	GM11906
CTAGGATCACCATTCC-1	0.002	0.994	0	224	231.7	GM11906
CTAGGATGTCTAAGAA-1	0.992	0.003	0	220	217.1	TF1
CTAGGGCCACCCATCT-1	0	0.928	0	3	3.9	Low_coverage
CTAGGGCGTCAATCCA-1	0	0.996	0.712	139	155.2	GM11906
CTAGGGCGTCTGCACG-1	0.002	0.995	0.797	246	216.9	GM11906
CTCAACCCACAAACAA-1	0.994	0.002	0	269	267.7	TF1
CTCAACCGTCCAAGTT-1	0.994	0.003	0	393	383.8	TF1
CTCAACCTCACAACAC-1	0.994	0.001	0.002	455	443.6	TF1
CTCACCAAGAGTAAGG-1	0.001	0.998	0	107	107.2	GM11906
CTCACCACAAGCAGGT-1	0.003	0.998	0.016	61	78.4	GM11906
CTCACCACAGTAACTC-1	0.724	0	0	2	2.4	Low_coverage
CTCAGAAAGGTAGGCT-1	0.002	0.996	0	264	258.6	GM11906
CTCAGCTCAATGCATC-1	0.003	0.98	0.254	71	65.3	GM11906
CTCAGCTCACCTGGTG-1	0	0.991	0.333	6	7.7	GM11906
CTCAGCTCACTGGGCT-1	0.001	0.995	0.357	14	20.7	GM11906
CTCAGCTGTATCAGCT-1	0.994	0.003	0	166	179.5	TF1
CTCAGCTGTTCTACCC-1	0.002	0.996	0	256	256.6	GM11906
CTCATGCTCACTCGGG-1	0.992	0.001	0	117	111.1	TF1
CTCCCAACATAGCAGG-1	0.993	0.001	0	198	217	TF1
CTCCCAAGTAGTGATA-1	0.001	0.992	0.912	285	279.8	GM11906
CTCCCAAGTGCTTCCT-1	0	0.937	1	10	5.6	Collision
CTCCCAAGTGGCATAG-1	0	0.996	0.889	9	9.4	GM11906
CTCCCAATCACAGGGA-1	0.994	0	0	263	274.9	TF1
CTCCCAATCCTGTGGG-1	0.996	0.001	0	163	178	TF1
CTCTACGCAACGTCGC-1	0.993	0.002	0	154	147.5	TF1
CTCTACGGTTTCCACC-1	0.994	0.003	0	146	132	TF1
CTCTAGCCATGGGACA-1	0.994	0.001	0	329	361.8	TF1
CTCTCAGAGGACTAGC-1	0.003	0.994	0.404	109	138.6	GM11906
CTCTCAGGTCGAGGTA-1	0.827	0	0	2	3.9	Low_coverage
CTCTCAGGTTACCCAA-1	0.004	0.995	0	167	199.3	GM11906
CTCTCGACACGAACGA-1	0.992	0.002	0	298	335.1	TF1
CTCTCGAGTGGTGGTA-1	0	0.994	0	48	50.2	GM11906
CTCTCGATCTCTCAAT-1	0.002	0.996	0.754	122	136.5	GM11906
CTGAATGAGGCTGGAT-1	0.003	0.993	0.606	434	440.2	GM11906
CTGAATGTCCAAGTCA-1	0.994	0.001	0	312	311.4	TF1
CTGCGTTGTATGCTAC-1	0.994	0.002	0	258	262.9	TF1
CTGCTCAAGATAGGTT-1	0.001	0.997	0.568	227	219.3	GM11906
CTGCTCAGTTGAAGCG-1	0.001	0.997	0	214	234.4	GM11906
CTGCTCATCCAACAAC-1	0	1	0.714	7	3.9	GM11906
CTGGCAGAGGATGCCA-1	0	0.995	0.882	17	25.5	GM11906
CTGGCAGAGTATCTGC-1	0.991	0.001	0	85	89	TF1
CTGGCAGTCTCAGATG-1	0.004	0.998	0.009	108	117.7	GM11906
CTGGGACCAAGAGCGT-1	0.002	0.996	0.549	293	285.6	GM11906
CTGTATTAGCGTAGCA-1	0.002	0.997	0	225	219.5	GM11906
CTGTATTAGGTTAACA-1	0	1	0	10	10.4	GM11906
CTGTATTTCCGGCTGA-1	0.002	0.996	0	244	294.2	GM11906
CTGTATTTCGCACCGA-1	0.002	0.997	0.512	250	250	GM11906
CTGTTCGAGACGCCCT-1	0.993	0.001	0	236	249.8	TF1
CTGTTCGCACCGTCTT-1	0.996	0	0	4	7.3	TF1
CTGTTCGCACGCTAAT-1	0.983	0.008	0	8	7.6	TF1
CTTAATCAGACTTCCA-1	0.003	0.992	0.46	211	213	GM11906
CTTCCAGAGTGTCCCG-1	0.002	0.994	0.859	227	226.6	GM11906
CTTCTAAAGCGCAATG-1	0.001	1	0	38	37.9	GM11906
CTTCTAAAGGTTACAA-1	0.001	0.996	0	233	234.1	GM11906
CTTGAAGAGACGTCAG-1	0.827	0	0	2	2.8	Low_coverage
CTTGAAGAGACTCGGA-1	0.994	0	0	138	128.7	TF1
CTTGAAGCAAGACTAA-1	0.001	0.994	0.259	189	201.2	GM11906
CTTGAAGCATTACTCT-1	0	1	0.999	1	7.6	GM11906
CTTGAAGTCAAAGTAG-1	0.993	0.003	0	274	311.9	TF1
CTTGCCACAATCACTG-1	0.001	0.996	0.496	242	221.4	GM11906
CTTGCCACACTTTGGA-1	0.993	0.003	0	391	374.4	TF1
CTTGCCACAGGTAACG-1	0.001	0.996	0	258	278.7	GM11906
CTTGCCATCCCGCAAG-1	0.001	0.996	0.374	179	220.7	GM11906
CTTGCCATCGGTTCCT-1	0.995	0.001	0	230	249.1	TF1
CTTGCTGAGTTCGACT-1	0.992	0.002	0	153	169.3	TF1
CTTGCTGCATGGGACA-1	0.99	0.005	0	136	133.3	TF1
CTTGCTGTCGTTCCGT-1	0.002	0.994	0.805	215	218.3	GM11906
CTTGTCGCACGCGACT-1	0.996	0.001	0	70	109.3	TF1
CTTGTCGGTGAAACAT-1	0.993	0.001	0	165	184.9	TF1
CTTGTCGTCGCTCGGA-1	0.993	0	0.004	260	277.3	TF1
GAAACAAAGTGCTGAG-1	0.003	0.995	0.758	356	341.1	GM11906
GAAACAACATTGTGAC-1	0.002	0.995	0	178	178.2	GM11906
GAAACAATCCGGCGAT-1	0.914	0	0	1	6.9	Collision
GAAAGTAAGTCCCTCT-1	0.011	0.979	0	52	74.3	GM11906
GAAAGTAAGTTCGCGC-1	0.993	0	0	79	71.9	TF1
GAAATGAGTACCCATA-1	0	0.997	0	58	79.9	GM11906
GAAATGATCTGAGTAC-1	0.001	0.993	0	238	262.9	GM11906
GAACCGCTCTCAGATG-1	0.993	0.001	0.005	185	215.1	TF1
GAACCTACATCCCTTG-1	0.993	0.001	0	312	332.2	TF1
GAACCTATCCGCTATC-1	0	0.99	0	111	123.9	GM11906
GAACTTGAGAGTTCGG-1	0.001	0.998	0	52	50.7	GM11906
GAACTTGCATCCCTTG-1	0.001	0.996	0.731	320	299.4	GM11906
GAACTTGGTGATAGAT-1	0	0.994	0.629	35	51.7	GM11906
GAAGAGCCAGAATGCG-1	0.99	0.002	0	278	307.1	TF1
GAAGAGCTCACGATTG-1	0.002	0.999	0.265	34	42.5	GM11906
GAAGTCTAGCCGCAAA-1	0.002	0.995	0.884	138	158.5	GM11906
GAAGTCTAGGGCTTCC-1	0.994	0.002	0	234	242.3	TF1
GAAGTCTCACTAGGAG-1	0.002	0.999	0.664	113	125.6	GM11906
GAAGTCTTCGATATGC-1	0.994	0.001	0	259	258.7	TF1
GAAGTCTTCGCACCTT-1	0.993	0.002	0	350	334.6	TF1
GAAGTGGAGAGAGGTA-1	0	0.999	0.948	58	66.9	GM11906
GAAGTGGAGTTCAGGG-1	0.994	0.002	0	91	114.3	TF1
GAATCTGCATTACTCT-1	0.002	0.995	0.667	9	15.1	GM11906
GAATCTGTCCTGTAGA-1	0.991	0.005	0	31	43.1	TF1
GACCAATGTCAAACAA-1	0.002	0.997	0.449	196	204.8	GM11906
GACCCAGTCGCGCTGA-1	0.993	0.001	0	79	102.3	TF1
GACCGACAGCCCATGC-1	0.003	0.993	0.529	17	32.8	GM11906
GACCGACCAACAAACA-1	0.992	0.002	0	305	288.9	TF1
GACTAACAGTTCGCGC-1	0.991	0	0	124	112.7	TF1
GACTAACGTGCCCTAG-1	1	0	0	47	48.6	TF1
GACTAACTCTTCTCTC-1	0.001	0.995	0.52	198	198.1	GM11906
GACTAGTGTTCCATCC-1	0.997	0.01	0	25	31.8	TF1
GACTAGTTCAGCCGGT-1	0.995	0.001	0	287	268	TF1
GAGACTTAGACGTCAG-1	0.995	0	0	32	31	TF1
GAGACTTCATTACTCT-1	0.002	0.997	0.627	110	122.9	GM11906
GAGACTTTCGAAGCCC-1	0.003	0.996	0.894	141	157	GM11906
GAGATTCAGGAAGGTA-1	0.996	0.001	0.004	231	265.7	TF1
GAGATTCGTCCGTAGC-1	0.961	0	0	7	14.8	TF1
GAGCGCTCATCTGCAA-1	0.991	0.002	0	264	268.7	TF1
GAGCGCTGTATCTCAG-1	0.001	0.993	0.382	178	183.8	GM11906
GAGGATGAGCGTTAGG-1	0.996	0.002	0	210	220.3	TF1
GAGGATGAGTTAGCAA-1	0.994	0.001	0.005	221	236	TF1
GAGTGAGGTCGTAATC-1	0	0.979	0	10	9.6	GM11906
GATCATGAGTTCCAGT-1	0.001	0.998	0.65	254	235.3	GM11906
GATCATGCAAGCGACA-1	0.001	0.996	0.454	163	186.2	GM11906
GATCATGCAAGTGGCA-1	0.001	0.997	0	35	38	GM11906
GATCATGCAGTAAGCG-1	0.005	0.999	0	33	42.3	GM11906
GATGATCAGATCGAGC-1	0.002	0.995	0	40	53.2	GM11906
GATGATCCACAATAAG-1	0.002	0.996	0	175	161.8	GM11906
GATGATCTCAAGAGGC-1	0.003	0.998	0	40	40.9	GM11906
GATGGCCAGAGAACCC-1	0.995	0.001	0	198	222.7	TF1
GATGGCCAGGCGTCCT-1	0.985	0.025	0	12	13.1	TF1
GATGGCCAGGGTCCCT-1	0.004	0.996	0.926	68	75.2	GM11906
GATGGCCGTATGCTAC-1	0.001	0.997	0	185	211.7	GM11906
GATTAGCCAGGTGTGA-1	0.002	0.997	0.035	57	60.8	GM11906
GATTAGCTCTTGGCCT-1	0.002	0.996	0.035	347	396.2	GM11906
GATTGACAGGCATGCA-1	0.993	0.003	0	232	229.7	TF1
GATTGACGTTGGTAAA-1	0.001	0.991	0	63	57.4	GM11906
GATTGACTCGGCATAT-1	0.002	0.996	0	62	61.9	GM11906
GCAAAGGAGTACAACA-1	0.992	0.003	0.003	288	291.1	TF1
GCAAAGGCATGCTATG-1	0.995	0.002	0	141	181.6	TF1
GCAAAGGGTGGTGGTA-1	0.993	0	0	52	45.7	TF1
GCAAAGGTCGGTTAGT-1	0.002	0.996	0.514	111	129.4	GM11906
GCAACCGCAAGTTGCT-1	0.002	0.994	0	89	105.7	GM11906
GCACCTTAGGGAAATG-1	0	0.995	0.631	203	209.6	GM11906
GCACCTTGTTACGGAG-1	0.994	0.001	0	150	196.7	TF1
GCACCTTTCTCCCTTT-1	0.002	0.996	0.51	155	170.3	GM11906
GCACGCATCAATTGGC-1	0.001	0.995	0	240	264.7	GM11906
GCACGCATCGCATACA-1	0.005	0.991	0.295	146	162.2	GM11906
GCACGCATCTTACGGA-1	0.99	0.005	0.003	358	327	TF1
GCACGGTAGAAGGGCG-1	0.001	0.995	0.736	106	141.6	GM11906
GCACGGTTCTAGCTGA-1	0.994	0.001	0.014	140	113.5	TF1
GCAGCCAAGCTTACCA-1	0.994	0	0	68	78.8	TF1
GCAGCTGTCAGGCCGT-1	0	0.866	0.5	6	7	Collision
GCATGATCAGTCCTGG-1	0.003	0.995	0.536	168	169.2	GM11906
GCATGATTCCTCCAGT-1	0.004	0.996	0	90	89.5	GM11906
GCATTCCAGTGATTAG-1	0.001	0.996	0.977	172	167.9	GM11906
GCATTCCCACCAAGGA-1	0.002	0.995	0	326	302.8	GM11906
GCATTCCCACGTTAGT-1	0.002	0.997	0.895	190	184.9	GM11906
GCATTCCTCGAACACT-1	0	0.937	0	5	4.4	Low_coverage
GCATTGAAGGAAGGTA-1	0.758	0	0	2	2.6	Low_coverage
GCATTGACATGCACTA-1	0.002	0.996	0.787	155	163.7	GM11906
GCATTGAGTTATCGAC-1	0.983	0	0	55	51.7	TF1
GCCAGACCAAGGCGTA-1	0.991	0	0	90	99.7	TF1
GCCAGACCATTACCTT-1	0.001	0.996	0.329	213	240.3	GM11906
GCCAGACGTAAACCCT-1	0.941	0	0	10	9.4	Collision
GCCAGACGTCAATACC-1	0.982	0	0	15	19.2	TF1
GCCAGACGTCCGTAGC-1	0.962	0	0	16	11.2	TF1
GCCAGACGTCTGGGAA-1	0.961	0	0	5	6.5	TF1
GCCAGACGTGCTTCCT-1	0.923	0.005	0	1	4.2	Low_coverage
GCCAGACGTGTTGGTT-1	0.965	0	0	9	9.5	TF1
GCCAGACGTTACGCTA-1	0.993	0.003	0	122	131.5	TF1
GCCAGACGTTACGGAG-1	0.991	0.005	0	59	55.1	TF1
GCCAGACGTTATAGAG-1	0.997	0	0	74	83.6	TF1
GCCAGCACACTGTAAC-1	0.994	0.002	0	234	255.8	TF1
GCCAGCACATACAACC-1	0.002	0.998	0.702	198	200.9	GM11906
GCCAGCAGTTATAGAG-1	0.002	0.995	0.554	184	188.8	GM11906
GCCATAATCATTCATC-1	0.001	0.995	0	121	124.5	GM11906
GCCATAATCCAATAGC-1	0	0.992	0	103	125.6	GM11906
GCCCAGAAGAGCCACA-1	0.001	0.995	0.231	251	275.8	GM11906
GCCCAGACAGTAACTC-1	0.994	0	0	161	151	TF1
GCCCAGATCCACCTAC-1	0.993	0.002	0	215	223.5	TF1
GCCCAGATCCGTCAAA-1	0.002	0.996	0	230	248.7	GM11906
GCCCGAAAGGTTAACA-1	0	0.864	0	3	4.2	Low_coverage
GCCCGAAAGTTCGTTG-1	0	1	0.833	6	5	GM11906
GCCCGAACACATTGCA-1	0.877	0.105	0.061	82	86.4	Collision
GCCCGAAGTCTAAAGA-1	0.994	0.005	0	36	46.8	TF1
GCCCGAATCTCTATTG-1	0.994	0.003	0.008	243	260.3	TF1
GCCTACTCAAACCTAC-1	0.992	0	0	150	159.8	TF1
GCCTACTTCGCCTTAC-1	0.003	0.993	0	387	421.2	GM11906
GCCTACTTCTACCCGT-1	0.002	0.997	0.007	293	301.7	GM11906
GCGAGAACAACGCAAG-1	0.002	0.995	0.397	204	217	GM11906
GCGAGAATCGGTCAGC-1	0.002	0.989	0	105	89.6	GM11906
GCGAGAATCTGGCCAG-1	0.996	0.001	0	347	340.8	TF1
GCGAGTCGTGCGTTTA-1	0.994	0.001	0	171	184.4	TF1
GCGAGTCTCTTGTGCC-1	0.995	0.002	0	165	183.8	TF1
GCGATCGGTGCTGGCT-1	0.989	0.003	0	19	17.7	TF1
GCGATTAAGAAATGGG-1	0.005	0.992	0.475	99	104.9	GM11906
GCGATTATCTTGTCAT-1	0.002	0.994	0.617	162	195.8	GM11906
GCGCATGGTAGAACGC-1	0.992	0	0	210	212.5	TF1
GCGCCAACAGGTGGTA-1	0.995	0.001	0	82	128.6	TF1
GCGGAAAGTAACTGAA-1	0.993	0.002	0	230	256.8	TF1
GCGGAAAGTATTTGCG-1	0.89	0	0	7	4.4	Low_coverage
GCGGAAAGTCAACTGT-1	0.992	0.004	0	12	13.4	TF1
GCGGGTTTCGTAGCGC-1	0	0.995	0	89	81.2	GM11906
GCGGTGTAGAACGCCA-1	0	0.996	0.846	13	18.1	GM11906
GCGGTGTCAATGCACT-1	0.003	0.991	0.833	18	20.9	GM11906
GCGTAGCCATCCCAAA-1	0.992	0.001	0	304	323.2	TF1
GCGTAGCGTTGTCGGC-1	0.951	0	0	26	24.9	TF1
GCTCACTAGGTTAACA-1	0	0.995	0	13	11.1	GM11906
GCTCACTGTGCCCGAT-1	0.993	0.002	0.003	356	317.2	TF1
GCTCACTGTGTAGGAC-1	0.793	0	0	6	3.6	Low_coverage
GCTCACTTCCAATCCC-1	0	0.995	0.182	11	10.3	GM11906
GCTCACTTCCTGACCT-1	0.002	0.994	0.339	221	199.4	GM11906
GCTCACTTCGATTACG-1	0.992	0.002	0	179	212.5	TF1
GCTCAGGAGGTTGTTC-1	0.993	0.003	0	76	87.7	TF1
GCTCAGGGTCAATCCA-1	0.001	0.994	0.809	115	139.6	GM11906
GCTCAGGGTGCGCTCA-1	0	0.994	0	108	102.8	GM11906
GCTCCTACAACACGGA-1	0.991	0.001	0	145	159.7	TF1
GCTCCTATCACTAGCA-1	0.993	0	0	12	16	TF1
GCTCGAGGTGCACTTA-1	0.002	0.998	0.717	113	111.1	GM11906
GCTGAGCGTAGGTAAT-1	0.115	0.877	0	329	319.6	Collision
GCTGCGAAGGTACATA-1	0.992	0	0	40	40.9	TF1
GCTGCGACAATTGTGC-1	0	0.843	0.417	12	3.9	Low_coverage
GCTGTTCGTAAACGGC-1	0.994	0	0.01	101	105.3	TF1
GCTGTTCGTCAGTGTT-1	0.087	0.894	0.587	254	309.1	Collision
GCTTAAGCATTGTGAC-1	0.005	0.992	0	176	178.1	GM11906
GCTTGCTTCACCGCGA-1	0.995	0.001	0	137	146.6	TF1
GCTTTCGGTGCTTGAT-1	0.001	0.996	0.574	155	193.9	GM11906
GCTTTCGGTTGGAGGT-1	0	0.994	0.571	7	9.8	GM11906
GCTTTCGTCAAACCCA-1	0.002	0.997	0.883	309	300.1	GM11906
GCTTTCGTCTGTTGCC-1	0.992	0.002	0.003	287	281.3	TF1
GGAACCCAGGCAAGGG-1	0.689	0	0	3	2.3	Low_coverage
GGAACCCAGTCTGTGT-1	0.991	0.008	0	32	29.1	TF1
GGAACCCGTCAACGGA-1	0.992	0.002	0	361	362.2	TF1
GGAACTTAGGTTAACA-1	0	0.993	0	5	7.6	GM11906
GGAACTTAGTTCGTTG-1	0.007	0.997	0.47	117	114	GM11906
GGAATCTAGAGAGGTA-1	0.994	0.003	0	49	45.6	TF1
GGAATCTAGATGGGAA-1	0.002	0.994	0.977	217	230.9	GM11906
GGAATCTAGGGTATCG-1	0.821	0	0	3	3.3	Low_coverage
GGAATCTAGTGTCACT-1	0.994	0.003	0	525	505.2	TF1
GGACACCCAACATAAG-1	0.001	0.996	0.003	313	315.6	GM11906
GGACACCCACGCCGAT-1	0.994	0	0	90	71.4	TF1
GGACACCCACGCTGTG-1	0.995	0	0	110	106.7	TF1
GGAGAACCAGCTTACA-1	0.001	0.995	0.003	347	345.1	GM11906
GGAGAACGTATTCGAC-1	0.002	0.996	0.672	198	176.3	GM11906
GGAGAACGTCGCTACG-1	0.001	0.998	0.512	287	313.4	GM11906
GGAGAACTCTTCTTCC-1	0.996	0.001	0	362	384.8	TF1
GGAGTAGAGACAGTGC-1	0.001	0.993	0	108	108.7	GM11906
GGAGTAGGTTGTCGGC-1	0	0.937	0.5	12	11.8	Collision
GGATAGGAGATGCGCA-1	0.004	0.995	0	36	47.9	GM11906
GGATAGGAGGGTTCCC-1	0.008	0.988	0	11	12.5	GM11906
GGATAGGGTGGCGCTT-1	0.996	0.001	0	33	38.8	TF1
GGATGAGAGTCTCTAG-1	0.002	0.994	0.855	394	389	GM11906
GGATGAGCAATTGCCA-1	0.992	0.002	0.008	123	136.8	TF1
GGATGAGTCATTCATC-1	0.001	0.992	0.016	122	132.6	GM11906
GGCACGTTCCTCTCTT-1	0.996	0.002	0	362	370.3	TF1
GGCATTACATCAACTG-1	0.99	0.002	0	259	269.6	TF1
GGCATTAGTACGCCCA-1	0.004	0.99	0.167	18	28.1	GM11906
GGCATTAGTATCCTTT-1	0.003	0.996	0.37	351	358.3	GM11906
GGCGTTGCAACGTCGC-1	0	0.994	0	24	30.5	GM11906
GGGAACATCGGATAAA-1	0.993	0.001	0	387	392.8	TF1
GGGACCTAGAACTAAC-1	0.994	0.002	0	294	274.2	TF1
GGGACCTAGTCAGGAC-1	0.993	0.003	0.004	235	263.5	TF1
GGGACCTAGTTAGCAA-1	0.002	0.996	0.768	375	392.5	GM11906
GGGCCATGTAACGGAC-1	0.008	0.992	0.68	75	87.4	GM11906
GGGTCTGAGTGTCGCC-1	0.001	0.989	0.867	15	27.6	GM11906
GGGTGTCAGCTGCCAC-1	0	0.987	0.471	17	19	GM11906
GGGTGTCAGCTGGAGT-1	0.002	0.999	0.459	61	59.4	GM11906
GGGTGTCCAGATTAAG-1	0.006	0.992	0.732	41	51.6	GM11906
GGGTTATCAAGCCTTA-1	0	0.992	0	59	46.3	GM11906
GGGTTATCACCCATCT-1	0.992	0.002	0	322	338.8	TF1
GGGTTATTCGATAGCT-1	0.991	0.002	0	316	327.4	TF1
GGTACCGTCCCAATGA-1	0.994	0.002	0	343	346.1	TF1
GGTAGGAAGAGCCTGA-1	0.989	0.008	0	28	27.6	TF1
GGTAGGATCCCGAAGC-1	0.995	0.003	0.006	164	192.2	TF1
GGTGCTGAGTGCACAG-1	0.953	0	0	22	17.1	TF1
GGTGCTGCAATTGTGC-1	0.983	0.005	0	108	100.8	TF1
GGTGCTGGTAATGCAA-1	0.008	0.98	0	17	16.6	GM11906
GGTGCTGGTAGTACAA-1	0.995	0.001	0	55	73	TF1
GGTGTCGGTTACTACG-1	0.003	0.996	0.625	8	15.3	GM11906
GTAATCGAGAACGACC-1	0.994	0.002	0.015	412	437.9	TF1
GTAATCGGTAGAAAGG-1	0.002	0.994	0.034	59	63.7	GM11906
GTAATCGGTCCTATTT-1	0.993	0.002	0	368	355	TF1
GTAATCGGTGTCCAGC-1	0.996	0	0	21	17.9	TF1
GTAATCGGTTCTTATC-1	0.994	0	0	83	96.6	TF1
GTAATCGTCGATATGC-1	0.994	0.001	0.007	299	325.5	TF1
GTACTTTAGTGTCCCG-1	0.001	0.997	0.716	243	239.8	GM11906
GTACTTTCAAGGAAGA-1	0.989	0.003	0	102	108.3	TF1
GTAGACTCACATATCG-1	0.001	0.993	0.858	225	215.8	GM11906
GTAGACTCACTCGGAC-1	0	0.937	0.75	4	6.7	Collision
GTAGACTCACTGGGCT-1	0.004	1	1	4	4.8	GM11906
GTAGACTCAGTGGTCC-1	0	0.875	1	6	4.3	Low_coverage
GTAGACTTCCAAGAGG-1	0.982	0	0	16	22.2	TF1
GTAGACTTCCATTGTT-1	0.002	0.999	0	106	112.4	GM11906
GTAGGAGGTAAACCCT-1	0.827	0	0	0	2.6	Low_coverage
GTAGGAGGTCAATACC-1	0.965	0.004	0	10	8.2	TF1
GTAGGAGGTCCGTAGC-1	0.99	0	0	10	14.3	TF1
GTAGGAGGTCTGGGAA-1	0.931	0	0	6	5.2	Collision
GTAGGAGGTGCATTGT-1	0.994	0.001	0	221	249	TF1
GTAGGAGGTGTTGGTT-1	0.931	0	0	2	5.7	Collision
GTAGGAGTCCCAATGA-1	0.011	0.984	0.437	245	241.4	GM11906
GTCACAAAGGGTATCG-1	0.893	0	0	3	4.4	Low_coverage
GTCACAACAACGTCGC-1	0	0.996	0.803	127	139.2	GM11906
GTCACAACAACTCAAC-1	0.002	0.995	0.482	168	154.2	GM11906
GTCACCTAGCCTATAC-1	0.994	0.002	0	326	329.2	TF1
GTCACCTAGGGTATCG-1	0.995	0	0	6	9.6	TF1
GTCACCTGTTTGCCCT-1	0.002	0.996	0.012	169	163.8	GM11906
GTCACGGAGAACGTCG-1	0.993	0.001	0	166	185.2	TF1
GTCACGGAGGGTTCCC-1	0.994	0.001	0	330	379.5	TF1
GTCACGGTCGTGCTTC-1	0.005	0.99	0	42	37.4	GM11906
GTCACTCCATTACTTC-1	0.996	0.001	0	184	181.8	TF1
GTCCATCAGAGTGGTC-1	0	0.625	0	1	0.9	Low_coverage
GTCCATCAGATCACCT-1	0.995	0.001	0	472	474.6	TF1
GTCCATCCACCTGGTG-1	0	1	0.833	12	9	GM11906
GTCGTAAAGGCAGTGT-1	0.002	0.993	0	70	79	GM11906
GTCGTAAAGGTCTTGT-1	0.994	0	0	264	260.1	TF1
GTCGTAAGTAGATTAG-1	0.001	1	0	28	37.3	GM11906
GTCGTAAGTCGTAGTT-1	0.003	0.992	0	129	129.5	GM11906
GTCTACCAGACGTCAG-1	0.996	0.003	0	38	44.3	TF1
GTCTACCAGGCATGCA-1	0.962	0	0	7	7.3	TF1
GTCTACCCAAATAGTG-1	0.002	0.995	0.812	133	145.9	GM11906
GTGACATCACGATTAC-1	0.961	0	0	17	12.3	TF1
GTGACATCATGATCGT-1	0.958	0	0	7	9.4	TF1
GTGACATGTTTAGGAA-1	0.661	0.301	0.003	395	424.6	Collision
GTGATCACAAACCTAC-1	0.844	0	0	2	3	Low_coverage
GTGATCACACTGCTCT-1	0.001	0.996	0.85	234	238.8	GM11906
GTGATCACAGATTGTC-1	0.975	0	0	12	9.7	TF1
GTGCACGAGCCGCAAA-1	0	0.995	0.519	158	140.1	GM11906
GTGCACGCAAGCTTTG-1	0.002	0.994	0.522	293	287.5	GM11906
GTGCCAGCAGTAAGCG-1	0.086	0	0	0	0.3	Low_coverage
GTGCTGGTCTCTTCTC-1	0.99	0.006	0.006	175	188.9	TF1
GTGGATTAGTTGCTTG-1	0.992	0.001	0	310	328.8	TF1
GTGGCGTCACCTGAAT-1	0.001	0.995	0.543	339	316.1	GM11906
GTGGCGTTCCGATTGA-1	0.003	0.997	0.571	205	203.5	GM11906
GTGTCAAAGGCAAGGG-1	0.995	0.001	0	99	109.4	TF1
GTGTCCTCACGCGCAT-1	0.991	0.004	0	263	268.6	TF1
GTGTCCTCACGTTGTA-1	0.001	0.994	0.546	218	233.8	GM11906
GTGTCCTTCCGGGCAT-1	0.001	0.995	0	228	229.8	GM11906
GTGTCCTTCGCGCCAA-1	0.993	0.002	0	236	244	TF1
GTGTGATAGCTTACCA-1	0.789	0	0	9	5.2	Collision
GTGTGATCATGCGACC-1	0.001	0.997	0.591	232	233.1	GM11906
GTGTGATTCCATGTTT-1	0.935	0.053	0.045	467	492.8	Collision
GTTACGAGTCACTCTC-1	0.002	0.985	0.2	35	42.1	GM11906
GTTACGAGTGTAGGAC-1	0.004	1	0.2	5	6.3	GM11906
GTTACGAGTTTGTAGC-1	0.003	0.995	0.167	18	20.8	GM11906
GTTACTTAGGAAGGTA-1	0.963	0	0	2	5.9	TF1
GTTACTTCAAGCGTCC-1	0.001	0.998	0.654	130	111.8	GM11906
GTTACTTGTCACTCTC-1	0.984	0	0	51	50.8	TF1
GTTACTTGTGACGCAA-1	0.995	0.001	0	390	389.9	TF1
GTTACTTGTGTAGGAC-1	0.991	0	0	18	16.6	TF1
GTTACTTGTTTGTAGC-1	0.985	0.002	0	89	89.5	TF1
GTTATGGAGTGCACAG-1	0.003	0.994	0.443	174	186.6	GM11906
GTTATGGCAATGTAAG-1	0.991	0	0	55	60.7	TF1
GTTATGGTCCTGTGGG-1	0.99	0.001	0	126	122.9	TF1
GTTCAAGAGAAATGGG-1	0	0.996	0.509	112	150.5	GM11906
GTTGGGCAGGAAGACA-1	0.001	0.994	0	232	243.7	GM11906
GTTGGGCAGGCTAAAT-1	0.001	0.997	0	219	195.2	GM11906
GTTGGTATCAATGCAC-1	0.992	0.001	0	245	240.7	TF1
TAAACCGCAAATAGTG-1	0	0.687	0	1	1.2	Low_coverage
TAAACCGTCAAAGTAG-1	0	1	0	11	12.7	GM11906
TAAACCGTCAACTTGG-1	0.994	0	0	98	127.5	TF1
TAACGGTAGCTGCCAC-1	0.995	0.004	0	13	23.7	TF1
TAACGGTCACCTGGTG-1	0	0.979	0.214	14	8.1	GM11906
TAACGGTGTCAGTGCC-1	0	0.994	0	10	10.7	GM11906
TAACTTCCACCGATCG-1	0.001	0.995	0.745	462	484.3	GM11906
TAAGCCAAGCGGACAT-1	0.003	0.99	0.753	162	176.3	GM11906
TAAGCCATCCGAGAGA-1	0.996	0.001	0	310	336.2	TF1
TAAGTGCCAAGTAACA-1	0.001	0.994	0	136	142.4	GM11906
TAAGTGCTCAATTGGC-1	0	1	1	2	9.4	GM11906
TAAGTGCTCGCTAGTA-1	0.986	0	0	13	15.3	TF1
TAATCGGAGGTTAACA-1	0.002	0.987	0	35	34.5	GM11906
TAATCGGCAACGTCCG-1	0.001	0.995	0.429	191	188.3	GM11906
TAATCGGCAATGACTC-1	0.007	0.984	0	182	169.8	GM11906
TAATCGGTCTTCCAGC-1	0.993	0.001	0	216	232.2	TF1
TAATTCCCATTACACG-1	0.991	0.002	0.004	265	257.4	TF1
TACAGCAGTCAGACGA-1	0.992	0	0	10	10.9	TF1
TACAGCAGTGAGGTCA-1	0.994	0.002	0.006	316	343.8	TF1
TACAGCAGTTGGAGGT-1	0.827	0	0	5	4	Low_coverage
TACATGGGTAACCGAG-1	0.003	0.992	0.817	175	184.5	GM11906
TACATGGGTCATAGCT-1	0.993	0.003	0.006	335	337.2	TF1
TACATGGGTCTGGTTA-1	0.996	0.004	0	135	160.5	TF1
TACATGGTCCAGTACA-1	0.004	0.991	0	160	188.4	GM11906
TACATTCCACCGTTGG-1	0.001	0.997	0.622	127	147.9	GM11906
TACATTCCACTCCTCA-1	0.996	0	0	371	360.8	TF1
TACATTCGTGTTGGTT-1	0.996	0.002	0	126	134.8	TF1
TACATTCTCCTGGAAT-1	0.003	0.995	0.634	481	480.6	GM11906
TACCCTGCATCGCCTT-1	0.003	0.998	0.6	135	137.3	GM11906
TACCTATAGAAGACTT-1	0.001	0.996	0.006	353	320.9	GM11906
TACCTATCAATGTAAG-1	0.002	0.999	0.004	231	231.2	GM11906
TACCTCGAGAACGTCG-1	0.003	0.996	0.795	88	93.4	GM11906
TACCTCGCACCGTCTT-1	0.995	0	0	24	29.3	TF1
TACCTCGGTGATGCTT-1	0	0.998	0.897	39	33.4	GM11906
TACCTCGTCCGGCGAT-1	0	0.979	0	4	3.9	GM11906
TACCTCGTCCTTTGCG-1	0.996	0.002	0.005	184	180.9	TF1
TACCTCGTCGTTTGAG-1	0.037	0.913	0	4	4.6	Low_coverage
TACCTCGTCTTCCAGC-1	1	0.006	0.056	18	13.8	TF1
TACGCAACACGTTAGT-1	0.001	0.996	0.024	246	290.6	GM11906
TACGCCTCAAATAGTG-1	0.018	0.937	0	1	5.3	Collision
TACGGATCACGATTAC-1	0.924	0	0	3	3.3	Low_coverage
TACGGATTCACTAGCA-1	0.99	0.002	0	260	269.3	TF1
TACGGATTCACTCGTC-1	0	0.5	1	2	1.3	Low_coverage
TACTAGGAGCTGCTCG-1	0.002	0.995	0.595	158	172.6	GM11906
TACTCGCCACCTGGTG-1	0.001	0.995	0.581	129	153.9	GM11906
TACTCGCCAGGACCTC-1	0	0.937	0.6	5	4.8	Low_coverage
TACTCGCCATGGCCCA-1	0	1	0.667	9	10.4	GM11906
TACTCGCGTACTATGC-1	0.994	0.002	0.007	292	334.9	TF1
TACTGCCAGGGTAATT-1	0.001	0.996	0.899	89	106.2	GM11906
TACTGCCCATATACGC-1	0.001	0.995	0.75	148	153.3	GM11906
TAGACTGTCGCTCTAC-1	0.007	0.994	0.804	92	99.3	GM11906
TAGCACAAGGTTTCTG-1	0.995	0.002	0.003	352	344.2	TF1
TAGCACATCCATGTTT-1	0.002	0.998	0.96	124	142.4	GM11906
TAGCATGAGACGCCCT-1	0.001	0.997	0.532	79	103.9	GM11906
TAGCATGCAGCGTAGA-1	0.989	0.007	0	25	29.2	TF1
TAGCATGCATCGGCTG-1	0.99	0	0	65	91.8	TF1
TAGCATGGTGATGCTT-1	0	0.5	0	1	1	Low_coverage
TAGCCCTAGACGCCAA-1	0.001	0.997	0.629	194	198.4	GM11906
TAGCCCTTCCCATAGA-1	0.992	0	0	255	302.1	TF1
TAGCCCTTCGCATACA-1	0.003	0.994	0.632	234	254.5	GM11906
TAGCCGGCATTGTTCT-1	0.001	0.997	0.009	108	129.5	GM11906
TAGCGGCTCAGGAAGC-1	0.995	0.001	0	241	245.8	TF1
TAGCGGCTCCTTGACC-1	0.922	0	0	4	3.8	Low_coverage
TAGCGGCTCGCGATGC-1	0.996	0	0	101	107.7	TF1
TAGCGGCTCTATAGGC-1	0.993	0.003	0	267	267.7	TF1
TAGCTTTAGGTTAGTA-1	0.001	0.996	0.004	279	284.4	GM11906
TAGCTTTGTGGACAGT-1	0.001	0.995	0.571	231	221.9	GM11906
TAGCTTTTCCCGTAGG-1	0.992	0.006	0	15	16.9	TF1
TAGCTTTTCGTCTAGA-1	0.994	0.002	0.008	251	249.7	TF1
TAGGTCAAGTAGAAGG-1	0.995	0.002	0	200	232.3	TF1
TAGGTCACAGGTGGTA-1	0.994	0.001	0	53	75.5	TF1
TAGGTCACATATACGC-1	0.992	0.002	0	287	277.8	TF1
TAGGTCATCCATACGA-1	0.002	0.996	0.881	612	603.8	GM11906
TAGGTCATCCGCTCTA-1	0.995	0.002	0	366	377.1	TF1
TAGGTCATCTTCCAGC-1	0.896	0	0	4	4.1	Low_coverage
TAGGTCATCTTCTTCC-1	0.001	0.993	0.849	284	293.6	GM11906
TAGGTGTGTAGTGATA-1	0.986	0	0	23	14.2	TF1
TAGTCCCGTGCTTACA-1	0.991	0.001	0.004	258	275.2	TF1
TAGTCCCTCGGTCTAA-1	0.001	0.996	0.772	114	110.5	GM11906
TATCGAGAGAGAGGTA-1	0.893	0	0	13	7.3	Collision
TATCGAGAGGGTATCG-1	0.931	0	0	3	4.5	Low_coverage
TATCGAGCATCGTACA-1	0.995	0.001	0	360	378.8	TF1
TATCGAGCATGCCTTC-1	0.001	0.996	0.328	201	180.9	GM11906
TATCTGTAGGAACCGT-1	0.995	0.001	0	366	381.7	TF1
TATCTGTTCAAGAGGC-1	0.991	0.002	0	314	362.9	TF1
TATCTGTTCGTTCCGT-1	0.028	0.959	0.248	149	147.8	GM11906
TATGTGGTCAGCACTA-1	0.995	0.001	0.006	180	214.3	TF1
TATGTTCGTTAGGAAT-1	0.001	0.997	0.491	106	97	GM11906
TATGTTCGTTGGCTAT-1	0.001	0.995	0	138	130.5	GM11906
TATTGCTAGAGAGGTA-1	0.994	0.001	0.003	371	399.3	TF1
TCAAAGCAGACCATAA-1	0.995	0.001	0.003	386	392.5	TF1
TCAAAGCCATGATCGT-1	0.001	0.996	0.451	226	239.9	GM11906
TCAAAGCGTAAGGTCG-1	0.993	0.003	0	403	377.4	TF1
TCAAGACAGCAGAGCT-1	0.993	0.003	0	308	316	TF1
TCAAGACAGTTCGCGC-1	0	0.996	0	96	92	GM11906
TCAAGCACAACGTCGC-1	0	0.999	0.312	32	36	GM11906
TCAAGCACACTTGCGG-1	0	0.997	0.822	73	90.8	GM11906
TCAAGCACATCAACTG-1	0.992	0.001	0	325	298.1	TF1
TCAAGGTCAATACTGC-1	0.001	0.998	0.506	81	78.9	GM11906
TCAAGGTCAGGTAGGT-1	0.994	0.001	0.004	250	269.7	TF1
TCAAGGTGTTTCCTAT-1	0.001	0.996	0.71	214	219.9	GM11906
TCAATTCCACGTACAT-1	0.993	0.002	0	149	171.2	TF1
TCAATTCTCTCTGCAC-1	0.992	0.003	0	254	247.4	TF1
TCACAAGAGGCGATTG-1	0.994	0.001	0	242	273	TF1
TCACAAGAGTGATATG-1	0.993	0.001	0	145	172.8	TF1
TCACAAGGTTGCAGCC-1	0	0.998	0.713	108	102.4	GM11906
TCACAGACAGGTAGGT-1	0.994	0.001	0	232	249	TF1
TCACCTGCAGTGCGAA-1	0.002	0.994	0.07	172	192.3	GM11906
TCACCTGCATCCCTTG-1	0.991	0.002	0	183	207.3	TF1
TCACTCGAGGGCGAAG-1	0.001	0.996	0.657	99	96.8	GM11906
TCACTCGCATGATCGT-1	0.001	0.995	0	200	229.7	GM11906
TCACTCGTCCGTTTCG-1	0.001	0.996	0	178	184.7	GM11906
TCACTCGTCTCTATTG-1	0.026	1	0	8	8.8	GM11906
TCAGCTCAGCGTCAAG-1	0.004	0.992	0	140	163.5	GM11906
TCAGCTCCAACAACTC-1	0.002	0.993	0.829	216	243.7	GM11906
TCAGCTCGTGGAGTGT-1	0.99	0.002	0	120	105.6	TF1
TCAGCTCTCTATCTAC-1	0	1	0.666	3	7.4	GM11906
TCAGCTCTCTATCTTG-1	0.003	0.995	0.194	196	206.2	GM11906
TCAGGGCAGTCGAAAT-1	0.001	0.995	0.429	42	47.1	GM11906
TCAGGGCCAACTACTG-1	0.996	0.001	0	331	315.6	TF1
TCAGGTACAGGGCTTC-1	0.001	0.994	0	183	199.8	GM11906
TCAGGTAGTCATTGGT-1	0.994	0	0	117	136.5	TF1
TCAGGTATCGCCCTTA-1	0.003	0.998	0	138	132.2	GM11906
TCAGTCCTCTTATCAC-1	0.992	0.001	0	447	448	TF1
TCAGTTTCACGATTAC-1	0.993	0	0	21	23.1	TF1
TCAGTTTCATGATCGT-1	0.992	0.014	0	16	11.2	TF1
TCAGTTTGTCACTCTC-1	0.001	0.998	0.704	71	55.6	GM11906
TCAGTTTGTGTAGGAC-1	0	0.99	0.937	16	19.6	GM11906
TCAGTTTGTTTGTAGC-1	0.001	0.998	0.667	63	64.5	GM11906
TCAGTTTTCACTAGGT-1	0	0.995	0.753	166	148.3	GM11906
TCCAGAAAGGTTAACA-1	0.002	1	0	9	12	GM11906
TCCAGAACATCACAGT-1	0	1	0.25	4	6.9	GM11906
TCCAGAATCCAAGTCA-1	0.004	0.99	0	202	185.7	GM11906
TCCATCGAGAGAACCC-1	0.996	0	0	244	245.9	TF1
TCCATCGTCAGGCCGT-1	0.002	0.991	0.25	48	64.9	GM11906
TCCCACAAGGTGTCGA-1	0.997	0.001	0	78	80.2	TF1
TCCCACACACCATTCC-1	0.994	0.003	0	242	242.8	TF1
TCCCACAGTTAGCTCA-1	0.001	0.994	0.672	259	242.9	GM11906
TCCGACTCATCATAGC-1	0.003	0.995	0.214	295	261.8	GM11906
TCGATTTAGAGAGTAG-1	0.002	0.995	0	35	47.1	GM11906
TCGATTTAGGCGACTA-1	0.992	0.001	0	165	189	TF1
TCGATTTCACTCGTGG-1	0.982	0	0	34	61.8	TF1
TCGATTTGTCCATTGA-1	0.995	0.001	0.011	348	368.5	TF1
TCGATTTGTGGCCTCA-1	0.993	0	0	91	85.7	TF1
TCGATTTTCCCGTATC-1	0.99	0	0	135	143	TF1
TCGCCTAGTAGAACGC-1	0.002	0.995	0.77	74	87.4	GM11906
TCGCCTAGTTTCTCTA-1	0.002	0.997	0	247	281.8	GM11906
TCGGGACGTAGACACG-1	0	0.75	0.999	1	3.9	Low_coverage
TCGGGACGTAGTCTGT-1	0.005	0.991	0.643	28	30.6	GM11906
TCGGGACGTCAGTGTT-1	0.002	0.99	0.5	10	14	GM11906
TCGGGACGTCTAACCA-1	0	0.875	0	1	3	Low_coverage
TCGGGACGTGAGGTCA-1	0.004	0.995	0.743	35	41.3	GM11906
TCGTTCGCAGGCAAGT-1	0.005	0.992	0	76	88.3	GM11906
TCGTTCGCAGGTAACG-1	0.993	0.001	0	281	286.5	TF1
TCGTTCGGTGCTAGTT-1	0.001	0.994	0	208	214	GM11906
TCGTTCGTCACTGATG-1	0.992	0.001	0	248	269.3	TF1
TCTAGTTAGCGTTGCC-1	0.993	0.003	0	315	292.2	TF1
TCTAGTTTCACGATTG-1	0.725	0.228	0.184	98	124.3	Collision
TCTATTGAGTCTTAGC-1	0.994	0.001	0.007	146	172.1	TF1
TCTCAGCCAAAGGCCA-1	0.994	0	0	217	233.2	TF1
TCTCAGCCATCGACGC-1	0.003	0.996	0.898	88	101.6	GM11906
TCTCTGGGTCGAGGTA-1	0.994	0.002	0	312	282.2	TF1
TCTCTGGGTCGCTAGC-1	0.827	0.025	0	5	3.4	Low_coverage
TCTCTGGGTCTCTGGG-1	0.931	0	0	4	6	Collision
TCTCTGGGTGGACGAT-1	0.007	0.991	0.429	7	7.4	GM11906
TGAATCGAGGATGCCA-1	0.001	0.998	0.345	58	61.4	GM11906
TGACAACGTACCCATA-1	0	0.997	0	159	186	GM11906
TGACTCCCACAAACGG-1	0.002	0.993	0.789	90	111.6	GM11906
TGACTCCTCGACTCGG-1	0.995	0.001	0	54	53.4	TF1
TGAGCCGAGCTGAAAT-1	0.994	0.001	0	123	147.6	TF1
TGAGTCACATAGATAG-1	0.002	0.994	0.359	64	81.7	GM11906
TGAGTCAGTGGAGTGT-1	0.992	0	0	30	31.6	TF1
TGAGTCAGTGGGTAGT-1	0.996	0.001	0	114	114.4	TF1
TGATCAGAGACCGCAA-1	0.995	0.002	0	336	343.9	TF1
TGATCAGAGCGCACAA-1	0.001	0.997	0	176	193.4	GM11906
TGATCAGTCCGGCGAT-1	0.001	0.997	0	73	66.8	GM11906
TGATCAGTCGTTTGAG-1	0.002	0.997	0.018	114	130.2	GM11906
TGATCAGTCTTCCAGC-1	0.991	0.003	0	326	315.7	TF1
TGATGCATCTCTTAAC-1	0.997	0.002	0	242	263.3	TF1
TGATTTCAGACTTCCA-1	0.001	0.996	0.338	287	276.7	GM11906
TGATTTCCAGAAAGAG-1	0.994	0.003	0	228	212.2	TF1
TGATTTCGTAACTCCA-1	0.993	0.001	0	333	337.3	TF1
TGCACCTAGAGAGGTA-1	0.996	0	0	16	17	TF1
TGCATGACAAGAAACT-1	0.995	0.001	0	174	175.4	TF1
TGCATTTAGGGTTCCC-1	0.001	0.995	0.484	93	107.3	GM11906
TGCATTTCAAACCCTA-1	0.994	0.002	0	53	59.6	TF1
TGCATTTCAAAGACGC-1	0.986	0.006	0	52	37.1	TF1
TGCATTTCAAGACTTC-1	0.689	0	0	5	1.8	Low_coverage
TGCATTTCAAGTCTGT-1	1	0	0	14	9.3	TF1
TGCATTTCACAGTAGG-1	0.926	0	0	2	6.2	Collision
TGCATTTCACGAACGA-1	0.993	0	0	13	6.3	TF1
TGCATTTCAGAACAGC-1	0.991	0.01	0	14	17.4	TF1
TGCATTTCAGTTCGGC-1	0.926	0	0	11	6.2	Collision
TGCATTTCATCGGCCA-1	0.927	0	0	3	8.3	Collision
TGCATTTTCACGATTG-1	0.994	0.002	0	391	378.5	TF1
TGCCTCATCCAACAAC-1	0.002	0.994	0.531	320	320.9	GM11906
TGCCTGTAGAAATTCG-1	0.601	0.482	0.083	12	17.5	Collision
TGCCTGTCAAGAGCGT-1	0.002	0.997	0.801	161	174.7	GM11906
TGCCTGTGTCGCTAGC-1	0.992	0.002	0	210	219.9	TF1
TGCCTGTGTTCCAATG-1	0.995	0.001	0.003	307	279.9	TF1
TGCGTAACACTGATTG-1	0.994	0.003	0	402	437.6	TF1
TGCGTAACATTACTCT-1	0	0.875	0.25	4	2.5	Low_coverage
TGCTATTGTCAGACGA-1	0.994	0	0.013	77	82.3	TF1
TGCTATTGTGAGGTCA-1	0.989	0	0	12	12	TF1
TGCTATTGTTGGAGGT-1	0.655	0	0	2	1.9	Low_coverage
TGCTATTGTTTAGAAG-1	0.655	0	0	0	2.4	Low_coverage
TGCTCACAGAGAGGTA-1	0.993	0	0	28	25.5	TF1
TGCTCACAGCCTGTAT-1	0.003	0.996	0	261	240.1	GM11906
TGCTCACCACTCGTGG-1	0.99	0.001	0	84	78	TF1
TGCTCACTCCGTGCGA-1	0	0.997	0.6	135	178.3	GM11906
TGCTCGTAGAGCGAAA-1	0	1	0	4	7.5	GM11906
TGCTCGTAGTCTGGGA-1	0.992	0.005	0	233	303.5	TF1
TGCTCGTGTCATCAAC-1	0.991	0.002	0.007	305	312.7	TF1
TGCTCGTGTGTAGGAC-1	0.01	0.99	0	23	22.9	GM11906
TGCTTTAAGCTCGGCT-1	0.992	0.001	0	186	175.4	TF1
TGCTTTACATGGGTGA-1	0.996	0	0	234	230.6	TF1
TGCTTTATCAAGGCAG-1	0.992	0.003	0	91	97.7	TF1
TGGAAGGAGCTCCATA-1	0.996	0.001	0	335	319.8	TF1
TGGAAGGGTGTCCTTC-1	0.995	0.002	0.003	375	381.9	TF1
TGGAAGGTCAATTCCT-1	0.994	0.004	0	295	329.8	TF1
TGGACATAGCGTTGCC-1	0.995	0	0	215	219.1	TF1
TGGCAATCAACGAGGT-1	0.995	0.001	0.004	270	263.4	TF1
TGGCCTTCATTTGGTG-1	0.992	0.004	0	202	212.2	TF1
TGGCGCAAGCGTATCT-1	0.995	0.001	0	200	211.2	TF1
TGGCGCACAGCGTCGT-1	0.997	0.001	0	195	235.1	TF1
TGGCGCAGTAGAACGC-1	0.001	0.997	0	139	148.8	GM11906
TGGCGCAGTGACGCAA-1	0	0.997	0.516	62	46.7	GM11906
TGGGTGCTCTATCTAC-1	0.996	0.001	0	204	208.4	TF1
TGGGTTAAGGCTAAAT-1	0.995	0.001	0.007	305	301.3	TF1
TGGGTTACATGGAGGT-1	0.002	0.998	0.622	156	157.2	GM11906
TGGGTTATCGTGAGTT-1	0.001	0.996	0.565	186	192	GM11906
TGGTCAACATCCCAAA-1	0.001	0.997	0	320	365.6	GM11906
TGGTCCTAGTAGACCG-1	0.993	0.002	0	306	331.8	TF1
TGTACAGAGAGTAAGG-1	0.992	0.003	0	114	130.7	TF1
TGTACAGCACGCGACT-1	0.002	0.994	0	271	268.9	GM11906
TGTACAGCACTAGGAG-1	0.992	0	0	302	302.6	TF1
TGTACAGGTTTGTACG-1	0.002	0.998	0.423	111	85.1	GM11906
TGTACAGTCCAATCCC-1	0	1	0	12	10.5	GM11906
TGTACAGTCCGTCAAA-1	0.995	0	0	289	296.9	TF1
TGTACAGTCGAACACT-1	0.001	0.997	0	211	226.8	GM11906
TGTACGATCCATACGA-1	0.989	0.004	0	45	45.2	TF1
TGTAGCAAGCGATACG-1	0.995	0.002	0	220	215.7	TF1
TGTAGCAGTCGACTGC-1	0.004	0.996	0.042	24	26.1	GM11906
TGTGACAAGAGACTCG-1	0.001	0.994	0	278	251.1	GM11906
TGTGACACAACTCAAC-1	0.989	0.007	0	236	269.6	TF1
TGTGACAGTCACCGCA-1	0.992	0	0	276	236.3	TF1
TGTGACAGTGACCAGA-1	0.001	0.993	0	99	122.6	GM11906
TGTGACATCCATCATT-1	0.001	0.996	0	146	166.4	GM11906
TGTGGCGAGTAACATG-1	0.001	0.993	0.862	65	72.7	GM11906
TGTTAGGTCGGAGTTT-1	0	0.994	0	126	137.2	GM11906
TGTTAGGTCTACCCGT-1	0.011	1	0	10	8.3	GM11906
TTAACGGAGCAATGTA-1	0.991	0.003	0	207	213.1	TF1
TTAACGGTCCCAGCGA-1	0.484	0.509	0.005	202	224.3	Collision
TTACCCGAGAGCGAAA-1	0.993	0.003	0	292	286.1	TF1
TTACCCGAGAGTCCGA-1	0.002	0.994	0.742	287	289.4	GM11906
TTACCCGGTCACAGTT-1	0.001	0.995	0.487	115	115.2	GM11906
TTACCCGTCCCGTAGG-1	0.002	0.998	0.633	79	80.5	GM11906
TTACCGCAGGCGTAGT-1	0.993	0.003	0	256	300.1	TF1
TTACCGCTCGCATAAC-1	0.003	0.993	0.005	427	412.4	GM11906
TTACCGCTCGTGCTGG-1	0.002	0.996	0.806	62	62.2	GM11906
TTACGGAAGCGTCAAG-1	0.993	0.003	0	288	291.6	TF1
TTACGGATCAAAGTAG-1	0.003	0.997	0	111	127.6	GM11906
TTACGGATCAACTTGG-1	0.002	0.996	0.625	56	62	GM11906
TTACGGATCCATGTTT-1	0.003	0.997	0.379	87	85.3	GM11906
TTACGGATCTGACATG-1	0.993	0	0	169	188.7	TF1
TTACGTTGTTTGCGAT-1	0.996	0.001	0	284	282	TF1
TTACTCACACGATTAC-1	0.993	0.001	0	225	247.1	TF1
TTACTCATCCTCCTGA-1	0.003	0.996	0.017	292	301	GM11906
TTACTTGCAAAGGAAG-1	0.993	0.003	0	143	131.1	TF1
TTACTTGCACAGCTTA-1	0.99	0.005	0	343	324.8	TF1
TTACTTGGTTTCCGGG-1	0.996	0.001	0	146	161.8	TF1
TTAGCGAGTAGCGGTA-1	0.995	0.001	0	312	267.9	TF1
TTAGCTTGTTTCCACC-1	0.002	0.996	0.836	244	261	GM11906
TTAGGTGCATCGCTAA-1	0	0.994	0.643	143	158.4	GM11906
TTAGGTGGTGCCGGTT-1	0.006	0.991	0	9	5.8	GM11906
TTAGGTGTCCAACCTC-1	0.994	0	0	267	268.6	TF1
TTATGTCCACCTTGTC-1	0	0.812	0	1	1.7	Low_coverage
TTATGTCGTAGTCCAT-1	0.994	0	0	254	266.7	TF1
TTATGTCTCAATTGGC-1	0.001	0.995	0.863	211	219	GM11906
TTATGTCTCGCTAGTA-1	0.994	0.001	0.003	323	319.3	TF1
TTCAACTAGAGAACCC-1	0.006	0.992	0.51	100	111.8	GM11906
TTCAACTAGAGCACTG-1	0.001	0.994	0.437	192	199.6	GM11906
TTCAACTCATCAGAAA-1	0.994	0.002	0	184	226.9	TF1
TTCATCATCCCATAGA-1	0.993	0.004	0.004	278	249	TF1
TTCATTGTCAAAGTAG-1	0.004	0.998	0.007	149	154.3	GM11906
TTCGATTAGACGCCAA-1	0.003	0.997	0	69	89.8	GM11906
TTCGCGTCACTGTTAG-1	0.991	0.002	0	237	256.1	TF1
TTCGCGTTCTGGCTAA-1	0.003	0.994	0.363	262	280.9	GM11906
TTCGGTCTCTACTTTG-1	0.002	0.997	0.408	326	311.7	GM11906
TTCGTTACAGGTGTCC-1	0.992	0.001	0	274	295.5	TF1
TTCGTTAGTCCGTCGA-1	0.551	0.062	0	2	1.3	Low_coverage
TTCGTTAGTTAGTAGA-1	0.928	0.056	0.05	119	111.5	Collision
TTCGTTAGTTATCGAC-1	0.992	0.002	0	206	196.8	TF1
TTCGTTATCTTAATCC-1	0.001	0.996	0.647	283	300.6	GM11906
TTCTAACCACTCGTGG-1	0.001	0.986	0.571	28	36.6	GM11906
TTCTAACGTATCACAC-1	0.001	0.996	0.611	18	11.8	GM11906
TTCTAACGTCGCGCTA-1	0.001	0.995	0.488	414	378.6	GM11906
TTCTGTAAGTAACTCC-1	0.004	0.997	0.612	134	143.4	GM11906
TTCTGTACATTACTCT-1	0.994	0.002	0	316	324	TF1
TTCTGTATCGATGCAT-1	0	0.995	0.616	198	199.6	GM11906
TTGACGATCATCGCTC-1	0.991	0.003	0	150	145.8	TF1
TTGACGATCGGTTAGT-1	0.001	0.995	0	109	90	GM11906
TTGAGCAAGAATGCTA-1	0.992	0.002	0.005	207	244.5	TF1
TTGAGCAAGGTAAGCC-1	0.995	0	0	145	173	TF1
TTGAGCATCACATCCC-1	0.006	0.991	0	25	22	GM11906
TTGAGCATCATACTTC-1	0.993	0.001	0	135	172.2	TF1
TTGAGCATCGATAGTC-1	0.004	0.937	0	7	5.7	Collision
TTGAGTGAGACTAGGC-1	0.001	0.997	0.608	181	190.5	GM11906
TTGAGTGCACAGCTTA-1	0.001	0.997	0.592	147	155.7	GM11906
TTGAGTGTCACCCTTG-1	0	0.979	0.5	4	6	GM11906
TTGAGTGTCAGGATCT-1	0	0.994	0.598	87	89.8	GM11906
TTGCACCAGTGCTCGC-1	0.995	0.002	0	120	153.9	TF1
TTGCAGAAGTTCAGGG-1	0.994	0.005	0	79	94.4	TF1
TTGCAGATCTGCTACC-1	0.007	0.99	0.913	23	23.5	GM11906
TTGCCCAAGAAATACC-1	0.993	0.001	0.003	331	329.6	TF1
TTGCCCACAGAACAGC-1	0.994	0.001	0	148	171.4	TF1
TTGCCCACATCGACCG-1	0.001	0.994	0.529	172	149.8	GM11906
TTGCCCAGTTGGACGA-1	0.992	0.005	0	155	177.8	TF1
TTGCGAAAGGATTTGA-1	0.003	0.992	0	212	224.3	GM11906
TTGCGAAAGTTAGCAA-1	0.991	0.002	0	368	362.2	TF1
TTGCGAACATCGTACA-1	0.004	0.995	0.5	196	195.6	GM11906
TTGCGAAGTCCCGTGA-1	0.994	0.002	0	186	198.3	TF1
TTGCGGGCAATACTGC-1	0.003	0.995	0	303	314.9	GM11906
TTGCTTAAGTGCCCTG-1	0.996	0.001	0	254	271.5	TF1
TTGCTTACAACGACAG-1	0.995	0.001	0	62	86.8	TF1
TTGCTTACAATAGCGG-1	0.001	0.997	0.892	93	102.1	GM11906
TTGGTCCAGGCCAGTA-1	0.993	0.001	0.003	288	255.3	TF1
TTGGTCCAGTAGTGTA-1	0.991	0.002	0.009	117	145.2	TF1
TTGTCTACACCGAATT-1	0.001	0.999	0.413	75	75.5	GM11906
TTGTCTATCAGTTGAC-1	0.994	0.002	0	483	482.1	TF1
TTGTTCAAGGCAATTA-1	0.001	0.992	0	119	143.1	GM11906
TTGTTCAAGGTTAACA-1	0	0.937	0	2	3.9	Low_coverage
TTGTTCAGTGCAAAGC-1	0.995	0.003	0	163	199.5	TF1
TTGTTCAGTTCTTAGG-1	0.002	0.993	0.763	97	105.7	GM11906
TTGTTGTTCCTTCGAC-1	0.993	0.002	0	387	382.9	TF1
TTGTTGTTCTTGTACT-1	0.995	0.003	0	103	116.7	TF1
TTTGAGGAGCGCCTAC-1	0.995	0	0	196	226.3	TF1
TTTGAGGCATAGGCGA-1	0.99	0.001	0	195	227.9	TF1
TTTGAGGCATTACTTC-1	0.001	0.997	0.579	261	259.3	GM11906
TTTGAGGTCCTCCTGA-1	0.994	0.001	0	274	276.5	TF1
TTTGCGCAGGGACGTT-1	0.578	0.397	0	364	419.3	Collision
TTTGCGCGTACGGTTT-1	0.993	0.001	0	312	344.1	TF1
TTTGCGCTCCCACTAC-1	0.003	0.996	0	131	120.9	GM11906
TTTGGCCTCGGTCCGA-1	0	1	0.6	5	11.6	GM11906
TTTGGTTAGGTAAGTT-1	0.001	0.997	0	183	188.8	GM11906
TTTGGTTGTAATGTAG-1	0.001	0.996	0	358	376.6	GM11906
TTTGGTTTCCAGTTAG-1	0.993	0.001	0	340	383.5	TF1
TTTGTGTCAAGGACCA-1	0.994	0.002	0	235	279.6	TF1
TTTGTGTCACAATAAG-1	0.002	0.99	0	33	28	GM11906
TTTGTGTGTCACAGTT-1	0	0.998	0.59	166	168.8	GM11906
TTTGTGTTCGGTTAGT-1	0.994	0.005	0	25	22.8	TF1
